# ************************************************************
# Sequel Pro SQL dump
# Version 4541
#
# http://www.sequelpro.com/
# https://github.com/sequelpro/sequelpro
#
# Host: 127.0.0.1 (MySQL 5.7.20)
# Database: online_test
# Generation Time: 2018-02-22 04:25:23 +0000
# ************************************************************


/*!40101 SET @OLD_CHARACTER_SET_CLIENT=@@CHARACTER_SET_CLIENT */;
/*!40101 SET @OLD_CHARACTER_SET_RESULTS=@@CHARACTER_SET_RESULTS */;
/*!40101 SET @OLD_COLLATION_CONNECTION=@@COLLATION_CONNECTION */;
/*!40101 SET NAMES utf8 */;
/*!40014 SET @OLD_FOREIGN_KEY_CHECKS=@@FOREIGN_KEY_CHECKS, FOREIGN_KEY_CHECKS=0 */;
/*!40101 SET @OLD_SQL_MODE=@@SQL_MODE, SQL_MODE='NO_AUTO_VALUE_ON_ZERO' */;
/*!40111 SET @OLD_SQL_NOTES=@@SQL_NOTES, SQL_NOTES=0 */;


# Dump of table tbl_answers_question
# ------------------------------------------------------------

DROP TABLE IF EXISTS `tbl_answers_question`;

CREATE TABLE `tbl_answers_question` (
  `ansid` int(11) NOT NULL,
  `answers` longtext NOT NULL,
  `score` double NOT NULL,
  `create_at` datetime NOT NULL DEFAULT CURRENT_TIMESTAMP,
  `create_by` int(11) NOT NULL,
  `is_deleted` tinyint(4) NOT NULL
) ENGINE=InnoDB DEFAULT CHARSET=latin1;



# Dump of table tbl_category
# ------------------------------------------------------------

DROP TABLE IF EXISTS `tbl_category`;

CREATE TABLE `tbl_category` (
  `cid` int(11) NOT NULL AUTO_INCREMENT,
  `category_name` varchar(64) NOT NULL,
  `status` tinyint(4) NOT NULL DEFAULT '1',
  `is_deleted` tinyint(4) DEFAULT NULL,
  PRIMARY KEY (`cid`)
) ENGINE=InnoDB DEFAULT CHARSET=latin1;

LOCK TABLES `tbl_category` WRITE;
/*!40000 ALTER TABLE `tbl_category` DISABLE KEYS */;

INSERT INTO `tbl_category` (`cid`, `category_name`, `status`, `is_deleted`)
VALUES
	(1,'Psycology',1,0),
	(2,'Management',1,0),
	(3,'Kewarganegaraan',1,0);

/*!40000 ALTER TABLE `tbl_category` ENABLE KEYS */;
UNLOCK TABLES;


# Dump of table tbl_generated_question
# ------------------------------------------------------------

DROP TABLE IF EXISTS `tbl_generated_question`;

CREATE TABLE `tbl_generated_question` (
  `gid` varchar(8) NOT NULL,
  `question` json NOT NULL,
  `paging` tinyint(1) NOT NULL DEFAULT '0',
  `page_length` int(11) NOT NULL,
  `total_question` int(11) NOT NULL,
  `timer` tinyint(1) NOT NULL,
  `countdown_h` int(11) DEFAULT NULL,
  `countdown_m` int(11) DEFAULT NULL,
  `countdown_s` int(11) DEFAULT NULL,
  `create_at` datetime NOT NULL DEFAULT CURRENT_TIMESTAMP,
  `create_by` int(11) NOT NULL,
  `updated_at` datetime DEFAULT NULL ON UPDATE CURRENT_TIMESTAMP,
  `updated_by` int(11) NOT NULL,
  `status` tinyint(4) NOT NULL DEFAULT '1',
  `is_deleted` tinyint(4) NOT NULL DEFAULT '0'
) ENGINE=InnoDB DEFAULT CHARSET=latin1;

LOCK TABLES `tbl_generated_question` WRITE;
/*!40000 ALTER TABLE `tbl_generated_question` DISABLE KEYS */;

INSERT INTO `tbl_generated_question` (`gid`, `question`, `paging`, `page_length`, `total_question`, `timer`, `countdown_h`, `countdown_m`, `countdown_s`, `create_at`, `create_by`, `updated_at`, `updated_by`, `status`, `is_deleted`)
VALUES
	('VvYgwL8Z',X'5B7B22716964223A2022706B6E3039222C202274797065223A202231222C2022616E73776572223A205B7B22716964223A2022706B6E3039222C2022616E73776572223A2022506173616C2031382C2031392C2032302C2032322C2032352C2032362C2032372C2032382C2033352C2064616E2033362E222C2022776569676874223A202230222C2022616E737765725F6964223A20223435227D2C207B22716964223A2022706B6E3039222C2022616E73776572223A2022506173616C2031382C2031392C2032302C2032322C2032352C2032362C2032372C2032382C2033302C2064616E2033372E222C2022776569676874223A202230222C2022616E737765725F6964223A20223433227D2C207B22716964223A2022706B6E3039222C2022616E73776572223A2022506173616C2031382C2031392C2032302C2032322C2032352C2032362C2032372C2032382C2033302C2064616E2033352E222C2022776569676874223A202230222C2022616E737765725F6964223A20223431227D2C207B22716964223A2022706B6E3039222C2022616E73776572223A2022506173616C2031382C2031392C2032302C2032322C2032352C2032362C2032372C2032382C2033302C2064616E2033362E222C2022776569676874223A2022313030222C2022616E737765725F6964223A20223432227D2C207B22716964223A2022706B6E3039222C2022616E73776572223A2022506173616C2031382C2031392C2032302C2032322C2032352C2032362C2032372C2032382C2033302C2064616E2033382E222C2022776569676874223A202230222C2022616E737765725F6964223A20223434227D5D2C202263617465676F7279223A202233222C20227175657374696F6E223A2022506173616C206265726170612073616A61205555442031393435206B65647561206B616C69206469616D616E64656D656EE280A6222C2022636F72726563745F6465736372696265223A2022556E74756B206B65647561206B616C696E796120555544203139343520646920616D616E64656D656E206164616C616820506173616C2031382C2031392C2032302C2032322C2032352C2032362C2032372C2032382C2033302C2064616E2033362E227D2C207B22716964223A2022706B6E3035222C202274797065223A202231222C2022616E73776572223A205B7B22716964223A2022706B6E3035222C2022616E73776572223A2022544150204D5052205249222C2022776569676874223A202230222C2022616E737765725F6964223A20223231227D2C207B22716964223A2022706B6E3035222C2022616E73776572223A20225555442031393435222C2022776569676874223A202230222C2022616E737765725F6964223A20223235227D2C207B22716964223A2022706B6E3035222C2022616E73776572223A2022494E50524553204E6F2E313220546168756E2031393638222C2022776569676874223A202230222C2022616E737765725F6964223A20223232227D2C207B22716964223A2022706B6E3035222C2022616E73776572223A2022544150204D5052204E6F2E492F4D50522F31393833222C2022776569676874223A2022313030222C2022616E737765725F6964223A20223234227D2C207B22716964223A2022706B6E3035222C2022616E73776572223A20225555204E6F2E3520546168756E2031393835222C2022776569676874223A202230222C2022616E737765725F6964223A20223233227D5D2C202263617465676F7279223A202233222C20227175657374696F6E223A2022546174612063617261206D656E67756361706B616E2050616E636173696C61207061646120757061636172612D75706163617261207265736D6920646974657461706B616E2070616461222C2022636F72726563745F6465736372696265223A2022546174612063617261206D656E67756361706B616E2050616E636173696C61207061646120757061636172612D75706163617261207265736D6920646974657461706B616E207061646120544150204D5052204E6F2E492F4D50522F31393833227D2C207B22716964223A2022706B6E3032222C202274797065223A202231222C2022616E73776572223A205B7B22716964223A2022706B6E3032222C2022616E73776572223A202253756D6265722068756B756D222C2022776569676874223A202230222C2022616E737765725F6964223A20223135227D2C207B22716964223A2022706B6E3032222C2022616E73776572223A202250616E64616E67616E206869647570222C2022776569676874223A2022313030222C2022616E737765725F6964223A202236227D2C207B22716964223A2022706B6E3032222C2022616E73776572223A202246616C73616661682064616E206461736172206E6567617261222C2022776569676874223A202230222C2022616E737765725F6964223A202237227D2C207B22716964223A2022706B6E3032222C2022616E73776572223A202253656D75612062656E6172222C2022776569676874223A202230222C2022616E737765725F6964223A20223136227D2C207B22716964223A2022706B6E3032222C2022616E73776572223A202253656D75612073616C6168222C2022776569676874223A202230222C2022616E737765725F6964223A20223137227D5D2C202263617465676F7279223A202233222C20227175657374696F6E223A202250616E636173696C6120626167692062616E67736120496E646F6E65736961206D65727570616B616E222C2022636F72726563745F6465736372696265223A202250616E636173696C6120626167692062616E67736120496E646F6E65736961206D65727570616B616E2070616E64616E67616E2068696475702E227D2C207B22716964223A2022706B6E3037222C202274797065223A202231222C2022616E73776572223A205B7B22716964223A2022706B6E3037222C2022616E73776572223A202235204B616C69222C2022776569676874223A202230222C2022616E737765725F6964223A20223335227D2C207B22716964223A2022706B6E3037222C2022616E73776572223A202231204B616C69222C2022776569676874223A202230222C2022616E737765725F6964223A20223331227D2C207B22716964223A2022706B6E3037222C2022616E73776572223A202234204B616C69222C2022776569676874223A2022313030222C2022616E737765725F6964223A20223334227D2C207B22716964223A2022706B6E3037222C2022616E73776572223A202233204B616C69222C2022776569676874223A202230222C2022616E737765725F6964223A20223333227D2C207B22716964223A2022706B6E3037222C2022616E73776572223A202232204B616C69222C2022776569676874223A202230222C2022616E737765725F6964223A20223332227D5D2C202263617465676F7279223A202233222C20227175657374696F6E223A2022426572617061206B616C692055554420313934352064692D616D616E64656D656E2E2E2E222C2022636F72726563745F6465736372696265223A202255554420313934352074656C61682064692D616D616E64656D656E20736562616E79616B2034206B616C69227D2C207B22716964223A2022706B6E3031222C202274797065223A202231222C2022616E73776572223A205B7B22716964223A2022706B6E3031222C2022616E73776572223A202248756B756D2074657274696E67676920646920496E646F6E65736961222C2022776569676874223A202230222C2022616E737765725F6964223A202232227D2C207B22716964223A2022706B6E3031222C2022616E73776572223A202248756B756D2074657274756C69732074657274696E67676920646920496E646F6E65736961222C2022776569676874223A202230222C2022616E737765725F6964223A202233227D2C207B22716964223A2022706B6E3031222C2022616E73776572223A202253756D626572206461726920736567616C612073756D6265722068756B756D222C2022776569676874223A2022313030222C2022616E737765725F6964223A202231227D2C207B22716964223A2022706B6E3031222C2022616E73776572223A202248756B756D20746964616B2074657274756C69732074657274696E67676920646920496E646F6E65736961222C2022776569676874223A202230222C2022616E737765725F6964223A202235227D2C207B22716964223A2022706B6E3031222C2022616E73776572223A2022536574696E676B61742064656E67616E205555442031393435222C2022776569676874223A202230222C2022616E737765725F6964223A202234227D5D2C202263617465676F7279223A202233222C20227175657374696F6E223A202244616C616D2073756D62657220746174612068756B756D20646920496E646F6E657369612C2050616E636173696C612064696A6164696B616E20736562616761693F222C2022636F72726563745F6465736372696265223A202244616C616D2073756D62657220746174612068756B756D20646920496E646F6E657369612C2050616E636173696C612064696A6164696B616E20736562616761692073756D626572206461726920736567616C612073756D6265722068756B756D227D2C207B22716964223A2022706B6E3036222C202274797065223A202231222C2022616E73776572223A205B7B22716964223A2022706B6E3036222C2022616E73776572223A202253696C61206B65647561222C2022776569676874223A2022313030222C2022616E737765725F6964223A20223236227D2C207B22716964223A2022706B6E3036222C2022616E73776572223A202253696C61206B65656D706174222C2022776569676874223A202230222C2022616E737765725F6964223A20223238227D2C207B22716964223A2022706B6E3036222C2022616E73776572223A202253696C612070657274616D61222C2022776569676874223A202230222C2022616E737765725F6964223A20223330227D2C207B22716964223A2022706B6E3036222C2022616E73776572223A202253696C61206B656C696D61222C2022776569676874223A202230222C2022616E737765725F6964223A20223239227D2C207B22716964223A2022706B6E3036222C2022616E73776572223A202253696C61206B6574696761222C2022776569676874223A202230222C2022616E737765725F6964223A20223237227D5D2C202263617465676F7279223A202233222C20227175657374696F6E223A2022487562756E67616E20736F7369616C2079616E672073656C617261732C207365726173692C207365696D62616E6720616E7461726120696E6469766964752064616E206D6173796172616B61742064696A69776169206F6C6568206E696C61692D6E696C61692050616E636173696C612C207961697475222C2022636F72726563745F6465736372696265223A2022487562756E67616E20736F7369616C2079616E672073656C617261732C207365726173692C207365696D62616E6720616E7461726120696E6469766964752064616E206D6173796172616B61742064696A69776169206F6C6568206E696C61692D6E696C61692050616E636173696C612C20796169747520706164612073696C61206B65647561227D2C207B22716964223A2022706B6E3033222C202274797065223A202231222C2022616E73776572223A205B7B22716964223A2022706B6E3033222C2022616E73776572223A202250656D62756B61616E205555442031393435222C2022776569676874223A202230222C2022616E737765725F6964223A20223139227D2C207B22716964223A2022706B6E3033222C2022616E73776572223A20224B697461622053757461736F6D61222C2022776569676874223A202230222C2022616E737765725F6964223A20223138227D2C207B22716964223A2022706B6E3033222C2022616E73776572223A202250726F6B6C616D61736920313720416775737475732031393435222C2022776569676874223A202230222C2022616E737765725F6964223A202239227D2C207B22716964223A2022706B6E3033222C2022616E73776572223A202250696167616D204A616B61727461222C2022776569676874223A202230222C2022616E737765725F6964223A20223230227D2C207B22716964223A2022706B6E3033222C2022616E73776572223A202250696461746F2042756E67204B61726E6F222C2022776569676874223A202230222C2022616E737765725F6964223A202238227D5D2C202263617465676F7279223A202233222C20227175657374696F6E223A202252756D7573616E2050616E636173696C612079616E67207265736D692074657264617061742064616C616D222C2022636F72726563745F6465736372696265223A202252756D7573616E2050616E636173696C612079616E67207265736D692074657264617061742064616C616D2050656D62756B61616E205555442031393435227D2C207B22716964223A2022706B6E3038222C202274797065223A202231222C2022616E73776572223A205B7B22716964223A2022706B6E3038222C2022616E73776572223A2022506173616C20352C20372C20392C2031332C2031342C2031352C2031372C2032302064616E2032342E222C2022776569676874223A202230222C2022616E737765725F6964223A20223339227D2C207B22716964223A2022706B6E3038222C2022616E73776572223A2022506173616C20352C20372C20392C2031332C2031342C2031352C2031372C2032302064616E2032312E222C2022776569676874223A2022313030222C2022616E737765725F6964223A20223336227D2C207B22716964223A2022706B6E3038222C2022616E73776572223A2022506173616C20352C20372C20392C2031332C2031342C2031352C2031372C2032302064616E2032322E222C2022776569676874223A202230222C2022616E737765725F6964223A20223337227D2C207B22716964223A2022706B6E3038222C2022616E73776572223A2022506173616C20352C20372C20392C2031332C2031342C2031352C2031372C2032312064616E2032342E222C2022776569676874223A202230222C2022616E737765725F6964223A20223430227D2C207B22716964223A2022706B6E3038222C2022616E73776572223A2022506173616C20352C20372C20392C2031332C2031342C2031352C2031372C2032302064616E2032332E222C2022776569676874223A202230222C2022616E737765725F6964223A20223338227D5D2C202263617465676F7279223A202233222C20227175657374696F6E223A2022506173616C206265726170612073616A612055554420313934352070657274616D61206B616C692064692D616D616E64656D656EE280A6222C2022636F72726563745F6465736372696265223A2022506173616C2079616E672070657274616D61206B616C6920646920616D616E64656D656E206164616C616820506173616C20352C20372C20392C2031332C2031342C2031352C2031372C2032302064616E203231227D2C207B22716964223A2022706B6E3130222C202274797065223A202231222C2022616E73776572223A205B7B22716964223A2022706B6E3130222C2022616E73776572223A2022506173616C20312C20332C20362C2031312C2031372C2032332C2064616E2032342E222C2022776569676874223A2022313030222C2022616E737765725F6964223A20223436227D2C207B22716964223A2022706B6E3130222C2022616E73776572223A2022506173616C20312C20332C20362C2031312C2031372C2032342C2064616E2032352E222C2022776569676874223A202230222C2022616E737765725F6964223A20223530227D2C207B22716964223A2022706B6E3130222C2022616E73776572223A2022506173616C20312C20332C20362C2031312C2031372C2032332C2064616E2032372E222C2022776569676874223A202230222C2022616E737765725F6964223A20223439227D2C207B22716964223A2022706B6E3130222C2022616E73776572223A2022506173616C20312C20332C20362C2031312C2031372C2032332C2064616E2032362E222C2022776569676874223A202230222C2022616E737765725F6964223A20223438227D2C207B22716964223A2022706B6E3130222C2022616E73776572223A2022506173616C20312C20332C20362C2031312C2031372C2032332C2064616E2032352E222C2022776569676874223A202230222C2022616E737765725F6964223A20223437227D5D2C202263617465676F7279223A202233222C20227175657374696F6E223A2022506173616C206265726170612073616A61205555442031393435206B6574696761206B616C69206469616D616E64656D656EE280A6222C2022636F72726563745F6465736372696265223A2022555544203139343520756E74756B206B6574696761206B616C696E79612064692D616D616E64656D656E20796169747520506173616C20312C20332C20362C2031312C2031372C2032332C2064616E2032342E227D2C207B22716964223A2022706B6E3034222C202274797065223A202231222C2022616E73776572223A205B7B22716964223A2022706B6E3034222C2022616E73776572223A20224461736172206265726167616D61222C2022776569676874223A202230222C2022616E737765725F6964223A20223132227D2C207B22716964223A2022706B6E3034222C2022616E73776572223A20224461736172205065726A75616E67616E2062616E677361222C2022776569676874223A202230222C2022616E737765725F6964223A20223134227D2C207B22716964223A2022706B6E3034222C2022616E73776572223A20224461736172206E6567617261222C2022776569676874223A2022313030222C2022616E737765725F6964223A20223130227D2C207B22716964223A2022706B6E3034222C2022616E73776572223A20224461736172206B656E6567617261616E222C2022776569676874223A202230222C2022616E737765725F6964223A20223131227D2C207B22716964223A2022706B6E3034222C2022616E73776572223A20224461736172206B65746174616E6567617261616E222C2022776569676874223A202230222C2022616E737765725F6964223A20223133227D5D2C202263617465676F7279223A202233222C20227175657374696F6E223A202244616C616D206B656869647570616E206265726E65676172612C2050616E636173696C6120626572706572616E2073656261676169222C2022636F72726563745F6465736372696265223A2022342E2044616C616D206B656869647570616E206265726E65676172612C2050616E636173696C6120626572706572616E2073656261676169206461736172206E6567617261227D5D',1,5,10,1,0,30,0,'2018-02-19 15:40:31',1,NULL,0,1,0),
	('rM1tNd3u',X'5B7B22716964223A2022706B6E3131222C202274797065223A202231222C2022616E73776572223A205B7B22716964223A2022706B6E3131222C2022616E73776572223A20223139204F6B746F6265722032303033222C2022776569676874223A202230222C2022616E737765725F6964223A20223535227D2C207B22716964223A2022706B6E3131222C2022616E73776572223A20223139204F6B746F6265722032303030222C2022776569676874223A202230222C2022616E737765725F6964223A20223532227D2C207B22716964223A2022706B6E3131222C2022616E73776572223A20223139204F6B746F6265722032303031222C2022776569676874223A202230222C2022616E737765725F6964223A20223533227D2C207B22716964223A2022706B6E3131222C2022616E73776572223A20223139204F6B746F6265722031393938222C2022776569676874223A202230222C2022616E737765725F6964223A20223534227D2C207B22716964223A2022706B6E3131222C2022616E73776572223A20223139204F6B746F6265722031393939222C2022776569676874223A2022313030222C2022616E737765725F6964223A20223531227D5D2C202263617465676F7279223A202233222C20227175657374696F6E223A20224B6170616E20616D616E64656D656E2055554420313934352070657274616D616B616C692064696C616B756B616E2E2E222C2022636F72726563745F6465736372696265223A2022556E74756B2070657274616D616B616C696E796120555544203139343520646920616D616E64656D656E2070616461203139204F6B746F6265722031393939227D2C207B22716964223A2022706B6E3031222C202274797065223A202231222C2022616E73776572223A205B7B22716964223A2022706B6E3031222C2022616E73776572223A202248756B756D2074657274756C69732074657274696E67676920646920496E646F6E65736961222C2022776569676874223A202230222C2022616E737765725F6964223A202233227D2C207B22716964223A2022706B6E3031222C2022616E73776572223A202253756D626572206461726920736567616C612073756D6265722068756B756D222C2022776569676874223A2022313030222C2022616E737765725F6964223A202231227D2C207B22716964223A2022706B6E3031222C2022616E73776572223A202248756B756D20746964616B2074657274756C69732074657274696E67676920646920496E646F6E65736961222C2022776569676874223A202230222C2022616E737765725F6964223A202235227D2C207B22716964223A2022706B6E3031222C2022616E73776572223A2022536574696E676B61742064656E67616E205555442031393435222C2022776569676874223A202230222C2022616E737765725F6964223A202234227D2C207B22716964223A2022706B6E3031222C2022616E73776572223A202248756B756D2074657274696E67676920646920496E646F6E65736961222C2022776569676874223A202230222C2022616E737765725F6964223A202232227D5D2C202263617465676F7279223A202233222C20227175657374696F6E223A202244616C616D2073756D62657220746174612068756B756D20646920496E646F6E657369612C2050616E636173696C612064696A6164696B616E20736562616761693F222C2022636F72726563745F6465736372696265223A202244616C616D2073756D62657220746174612068756B756D20646920496E646F6E657369612C2050616E636173696C612064696A6164696B616E20736562616761692073756D626572206461726920736567616C612073756D6265722068756B756D227D2C207B22716964223A2022706B6E3130222C202274797065223A202231222C2022616E73776572223A205B7B22716964223A2022706B6E3130222C2022616E73776572223A2022506173616C20312C20332C20362C2031312C2031372C2032332C2064616E2032352E222C2022776569676874223A202230222C2022616E737765725F6964223A20223437227D2C207B22716964223A2022706B6E3130222C2022616E73776572223A2022506173616C20312C20332C20362C2031312C2031372C2032332C2064616E2032372E222C2022776569676874223A202230222C2022616E737765725F6964223A20223439227D2C207B22716964223A2022706B6E3130222C2022616E73776572223A2022506173616C20312C20332C20362C2031312C2031372C2032332C2064616E2032362E222C2022776569676874223A202230222C2022616E737765725F6964223A20223438227D2C207B22716964223A2022706B6E3130222C2022616E73776572223A2022506173616C20312C20332C20362C2031312C2031372C2032342C2064616E2032352E222C2022776569676874223A202230222C2022616E737765725F6964223A20223530227D2C207B22716964223A2022706B6E3130222C2022616E73776572223A2022506173616C20312C20332C20362C2031312C2031372C2032332C2064616E2032342E222C2022776569676874223A2022313030222C2022616E737765725F6964223A20223436227D5D2C202263617465676F7279223A202233222C20227175657374696F6E223A2022506173616C206265726170612073616A61205555442031393435206B6574696761206B616C69206469616D616E64656D656EE280A6222C2022636F72726563745F6465736372696265223A2022555544203139343520756E74756B206B6574696761206B616C696E79612064692D616D616E64656D656E20796169747520506173616C20312C20332C20362C2031312C2031372C2032332C2064616E2032342E227D2C207B22716964223A2022706B6E3035222C202274797065223A202231222C2022616E73776572223A205B7B22716964223A2022706B6E3035222C2022616E73776572223A2022544150204D5052204E6F2E492F4D50522F31393833222C2022776569676874223A2022313030222C2022616E737765725F6964223A20223234227D2C207B22716964223A2022706B6E3035222C2022616E73776572223A20225555204E6F2E3520546168756E2031393835222C2022776569676874223A202230222C2022616E737765725F6964223A20223233227D2C207B22716964223A2022706B6E3035222C2022616E73776572223A2022544150204D5052205249222C2022776569676874223A202230222C2022616E737765725F6964223A20223231227D2C207B22716964223A2022706B6E3035222C2022616E73776572223A20225555442031393435222C2022776569676874223A202230222C2022616E737765725F6964223A20223235227D2C207B22716964223A2022706B6E3035222C2022616E73776572223A2022494E50524553204E6F2E313220546168756E2031393638222C2022776569676874223A202230222C2022616E737765725F6964223A20223232227D5D2C202263617465676F7279223A202233222C20227175657374696F6E223A2022546174612063617261206D656E67756361706B616E2050616E636173696C61207061646120757061636172612D75706163617261207265736D6920646974657461706B616E2070616461222C2022636F72726563745F6465736372696265223A2022546174612063617261206D656E67756361706B616E2050616E636173696C61207061646120757061636172612D75706163617261207265736D6920646974657461706B616E207061646120544150204D5052204E6F2E492F4D50522F31393833227D2C207B22716964223A2022706B6E3034222C202274797065223A202231222C2022616E73776572223A205B7B22716964223A2022706B6E3034222C2022616E73776572223A20224461736172205065726A75616E67616E2062616E677361222C2022776569676874223A202230222C2022616E737765725F6964223A20223134227D2C207B22716964223A2022706B6E3034222C2022616E73776572223A20224461736172206B65746174616E6567617261616E222C2022776569676874223A202230222C2022616E737765725F6964223A20223133227D2C207B22716964223A2022706B6E3034222C2022616E73776572223A20224461736172206265726167616D61222C2022776569676874223A202230222C2022616E737765725F6964223A20223132227D2C207B22716964223A2022706B6E3034222C2022616E73776572223A20224461736172206B656E6567617261616E222C2022776569676874223A202230222C2022616E737765725F6964223A20223131227D2C207B22716964223A2022706B6E3034222C2022616E73776572223A20224461736172206E6567617261222C2022776569676874223A2022313030222C2022616E737765725F6964223A20223130227D5D2C202263617465676F7279223A202233222C20227175657374696F6E223A202244616C616D206B656869647570616E206265726E65676172612C2050616E636173696C6120626572706572616E2073656261676169222C2022636F72726563745F6465736372696265223A2022342E2044616C616D206B656869647570616E206265726E65676172612C2050616E636173696C6120626572706572616E2073656261676169206461736172206E6567617261227D2C207B22716964223A2022706B6E3039222C202274797065223A202231222C2022616E73776572223A205B7B22716964223A2022706B6E3039222C2022616E73776572223A2022506173616C2031382C2031392C2032302C2032322C2032352C2032362C2032372C2032382C2033302C2064616E2033372E222C2022776569676874223A202230222C2022616E737765725F6964223A20223433227D2C207B22716964223A2022706B6E3039222C2022616E73776572223A2022506173616C2031382C2031392C2032302C2032322C2032352C2032362C2032372C2032382C2033302C2064616E2033352E222C2022776569676874223A202230222C2022616E737765725F6964223A20223431227D2C207B22716964223A2022706B6E3039222C2022616E73776572223A2022506173616C2031382C2031392C2032302C2032322C2032352C2032362C2032372C2032382C2033302C2064616E2033382E222C2022776569676874223A202230222C2022616E737765725F6964223A20223434227D2C207B22716964223A2022706B6E3039222C2022616E73776572223A2022506173616C2031382C2031392C2032302C2032322C2032352C2032362C2032372C2032382C2033302C2064616E2033362E222C2022776569676874223A2022313030222C2022616E737765725F6964223A20223432227D2C207B22716964223A2022706B6E3039222C2022616E73776572223A2022506173616C2031382C2031392C2032302C2032322C2032352C2032362C2032372C2032382C2033352C2064616E2033362E222C2022776569676874223A202230222C2022616E737765725F6964223A20223435227D5D2C202263617465676F7279223A202233222C20227175657374696F6E223A2022506173616C206265726170612073616A61205555442031393435206B65647561206B616C69206469616D616E64656D656EE280A6222C2022636F72726563745F6465736372696265223A2022556E74756B206B65647561206B616C696E796120555544203139343520646920616D616E64656D656E206164616C616820506173616C2031382C2031392C2032302C2032322C2032352C2032362C2032372C2032382C2033302C2064616E2033362E227D2C207B22716964223A2022706B6E3036222C202274797065223A202231222C2022616E73776572223A205B7B22716964223A2022706B6E3036222C2022616E73776572223A202253696C61206B65656D706174222C2022776569676874223A202230222C2022616E737765725F6964223A20223238227D2C207B22716964223A2022706B6E3036222C2022616E73776572223A202253696C61206B656C696D61222C2022776569676874223A202230222C2022616E737765725F6964223A20223239227D2C207B22716964223A2022706B6E3036222C2022616E73776572223A202253696C61206B65647561222C2022776569676874223A2022313030222C2022616E737765725F6964223A20223236227D2C207B22716964223A2022706B6E3036222C2022616E73776572223A202253696C61206B6574696761222C2022776569676874223A202230222C2022616E737765725F6964223A20223237227D2C207B22716964223A2022706B6E3036222C2022616E73776572223A202253696C612070657274616D61222C2022776569676874223A202230222C2022616E737765725F6964223A20223330227D5D2C202263617465676F7279223A202233222C20227175657374696F6E223A2022487562756E67616E20736F7369616C2079616E672073656C617261732C207365726173692C207365696D62616E6720616E7461726120696E6469766964752064616E206D6173796172616B61742064696A69776169206F6C6568206E696C61692D6E696C61692050616E636173696C612C207961697475222C2022636F72726563745F6465736372696265223A2022487562756E67616E20736F7369616C2079616E672073656C617261732C207365726173692C207365696D62616E6720616E7461726120696E6469766964752064616E206D6173796172616B61742064696A69776169206F6C6568206E696C61692D6E696C61692050616E636173696C612C20796169747520706164612073696C61206B65647561227D2C207B22716964223A2022706B6E3033222C202274797065223A202231222C2022616E73776572223A205B7B22716964223A2022706B6E3033222C2022616E73776572223A202250696167616D204A616B61727461222C2022776569676874223A202230222C2022616E737765725F6964223A20223230227D2C207B22716964223A2022706B6E3033222C2022616E73776572223A202250696461746F2042756E67204B61726E6F222C2022776569676874223A202230222C2022616E737765725F6964223A202238227D2C207B22716964223A2022706B6E3033222C2022616E73776572223A20224B697461622053757461736F6D61222C2022776569676874223A202230222C2022616E737765725F6964223A20223138227D2C207B22716964223A2022706B6E3033222C2022616E73776572223A202250656D62756B61616E205555442031393435222C2022776569676874223A202230222C2022616E737765725F6964223A20223139227D2C207B22716964223A2022706B6E3033222C2022616E73776572223A202250726F6B6C616D61736920313720416775737475732031393435222C2022776569676874223A202230222C2022616E737765725F6964223A202239227D5D2C202263617465676F7279223A202233222C20227175657374696F6E223A202252756D7573616E2050616E636173696C612079616E67207265736D692074657264617061742064616C616D222C2022636F72726563745F6465736372696265223A202252756D7573616E2050616E636173696C612079616E67207265736D692074657264617061742064616C616D2050656D62756B61616E205555442031393435227D2C207B22716964223A2022706B6E3037222C202274797065223A202231222C2022616E73776572223A205B7B22716964223A2022706B6E3037222C2022616E73776572223A202233204B616C69222C2022776569676874223A202230222C2022616E737765725F6964223A20223333227D2C207B22716964223A2022706B6E3037222C2022616E73776572223A202235204B616C69222C2022776569676874223A202230222C2022616E737765725F6964223A20223335227D2C207B22716964223A2022706B6E3037222C2022616E73776572223A202234204B616C69222C2022776569676874223A2022313030222C2022616E737765725F6964223A20223334227D2C207B22716964223A2022706B6E3037222C2022616E73776572223A202231204B616C69222C2022776569676874223A202230222C2022616E737765725F6964223A20223331227D2C207B22716964223A2022706B6E3037222C2022616E73776572223A202232204B616C69222C2022776569676874223A202230222C2022616E737765725F6964223A20223332227D5D2C202263617465676F7279223A202233222C20227175657374696F6E223A2022426572617061206B616C692055554420313934352064692D616D616E64656D656E2E2E2E222C2022636F72726563745F6465736372696265223A202255554420313934352074656C61682064692D616D616E64656D656E20736562616E79616B2034206B616C69227D2C207B22716964223A2022706B6E3038222C202274797065223A202231222C2022616E73776572223A205B7B22716964223A2022706B6E3038222C2022616E73776572223A2022506173616C20352C20372C20392C2031332C2031342C2031352C2031372C2032302064616E2032322E222C2022776569676874223A202230222C2022616E737765725F6964223A20223337227D2C207B22716964223A2022706B6E3038222C2022616E73776572223A2022506173616C20352C20372C20392C2031332C2031342C2031352C2031372C2032302064616E2032332E222C2022776569676874223A202230222C2022616E737765725F6964223A20223338227D2C207B22716964223A2022706B6E3038222C2022616E73776572223A2022506173616C20352C20372C20392C2031332C2031342C2031352C2031372C2032302064616E2032342E222C2022776569676874223A202230222C2022616E737765725F6964223A20223339227D2C207B22716964223A2022706B6E3038222C2022616E73776572223A2022506173616C20352C20372C20392C2031332C2031342C2031352C2031372C2032312064616E2032342E222C2022776569676874223A202230222C2022616E737765725F6964223A20223430227D2C207B22716964223A2022706B6E3038222C2022616E73776572223A2022506173616C20352C20372C20392C2031332C2031342C2031352C2031372C2032302064616E2032312E222C2022776569676874223A2022313030222C2022616E737765725F6964223A20223336227D5D2C202263617465676F7279223A202233222C20227175657374696F6E223A2022506173616C206265726170612073616A612055554420313934352070657274616D61206B616C692064692D616D616E64656D656EE280A6222C2022636F72726563745F6465736372696265223A2022506173616C2079616E672070657274616D61206B616C6920646920616D616E64656D656E206164616C616820506173616C20352C20372C20392C2031332C2031342C2031352C2031372C2032302064616E203231227D5D',1,5,10,1,0,30,0,'2018-02-19 17:25:35',1,NULL,0,1,0),
	('p70oWHjq',X'5B7B22716964223A2022706B6E3032222C202274797065223A202231222C2022616E73776572223A205B7B22716964223A2022706B6E3032222C2022616E73776572223A202246616C73616661682064616E206461736172206E6567617261222C2022776569676874223A202230222C2022616E737765725F6964223A202237227D2C207B22716964223A2022706B6E3032222C2022616E73776572223A202250616E64616E67616E206869647570222C2022776569676874223A2022313030222C2022616E737765725F6964223A202236227D2C207B22716964223A2022706B6E3032222C2022616E73776572223A202253756D6265722068756B756D222C2022776569676874223A202230222C2022616E737765725F6964223A20223135227D2C207B22716964223A2022706B6E3032222C2022616E73776572223A202253656D75612073616C6168222C2022776569676874223A202230222C2022616E737765725F6964223A20223137227D2C207B22716964223A2022706B6E3032222C2022616E73776572223A202253656D75612062656E6172222C2022776569676874223A202230222C2022616E737765725F6964223A20223136227D5D2C202263617465676F7279223A202233222C20227175657374696F6E223A202250616E636173696C6120626167692062616E67736120496E646F6E65736961206D65727570616B616E222C2022636F72726563745F6465736372696265223A202250616E636173696C6120626167692062616E67736120496E646F6E65736961206D65727570616B616E2070616E64616E67616E2068696475702E227D2C207B22716964223A2022706B6E3033222C202274797065223A202231222C2022616E73776572223A205B7B22716964223A2022706B6E3033222C2022616E73776572223A20224B697461622053757461736F6D61222C2022776569676874223A202230222C2022616E737765725F6964223A20223138227D2C207B22716964223A2022706B6E3033222C2022616E73776572223A202250696461746F2042756E67204B61726E6F222C2022776569676874223A202230222C2022616E737765725F6964223A202238227D2C207B22716964223A2022706B6E3033222C2022616E73776572223A202250696167616D204A616B61727461222C2022776569676874223A202230222C2022616E737765725F6964223A20223230227D2C207B22716964223A2022706B6E3033222C2022616E73776572223A202250656D62756B61616E205555442031393435222C2022776569676874223A202230222C2022616E737765725F6964223A20223139227D2C207B22716964223A2022706B6E3033222C2022616E73776572223A202250726F6B6C616D61736920313720416775737475732031393435222C2022776569676874223A202230222C2022616E737765725F6964223A202239227D5D2C202263617465676F7279223A202233222C20227175657374696F6E223A202252756D7573616E2050616E636173696C612079616E67207265736D692074657264617061742064616C616D222C2022636F72726563745F6465736372696265223A202252756D7573616E2050616E636173696C612079616E67207265736D692074657264617061742064616C616D2050656D62756B61616E205555442031393435227D2C207B22716964223A2022706B6E3034222C202274797065223A202231222C2022616E73776572223A205B7B22716964223A2022706B6E3034222C2022616E73776572223A20224461736172206265726167616D61222C2022776569676874223A202230222C2022616E737765725F6964223A20223132227D2C207B22716964223A2022706B6E3034222C2022616E73776572223A20224461736172206B65746174616E6567617261616E222C2022776569676874223A202230222C2022616E737765725F6964223A20223133227D2C207B22716964223A2022706B6E3034222C2022616E73776572223A20224461736172206E6567617261222C2022776569676874223A2022313030222C2022616E737765725F6964223A20223130227D2C207B22716964223A2022706B6E3034222C2022616E73776572223A20224461736172205065726A75616E67616E2062616E677361222C2022776569676874223A202230222C2022616E737765725F6964223A20223134227D2C207B22716964223A2022706B6E3034222C2022616E73776572223A20224461736172206B656E6567617261616E222C2022776569676874223A202230222C2022616E737765725F6964223A20223131227D5D2C202263617465676F7279223A202233222C20227175657374696F6E223A202244616C616D206B656869647570616E206265726E65676172612C2050616E636173696C6120626572706572616E2073656261676169222C2022636F72726563745F6465736372696265223A2022342E2044616C616D206B656869647570616E206265726E65676172612C2050616E636173696C6120626572706572616E2073656261676169206461736172206E6567617261227D2C207B22716964223A2022706B6E3131222C202274797065223A202231222C2022616E73776572223A205B7B22716964223A2022706B6E3131222C2022616E73776572223A20223139204F6B746F6265722031393938222C2022776569676874223A202230222C2022616E737765725F6964223A20223534227D2C207B22716964223A2022706B6E3131222C2022616E73776572223A20223139204F6B746F6265722031393939222C2022776569676874223A2022313030222C2022616E737765725F6964223A20223531227D2C207B22716964223A2022706B6E3131222C2022616E73776572223A20223139204F6B746F6265722032303033222C2022776569676874223A202230222C2022616E737765725F6964223A20223535227D2C207B22716964223A2022706B6E3131222C2022616E73776572223A20223139204F6B746F6265722032303030222C2022776569676874223A202230222C2022616E737765725F6964223A20223532227D2C207B22716964223A2022706B6E3131222C2022616E73776572223A20223139204F6B746F6265722032303031222C2022776569676874223A202230222C2022616E737765725F6964223A20223533227D5D2C202263617465676F7279223A202233222C20227175657374696F6E223A20224B6170616E20616D616E64656D656E2055554420313934352070657274616D616B616C692064696C616B756B616E2E2E222C2022636F72726563745F6465736372696265223A2022556E74756B2070657274616D616B616C696E796120555544203139343520646920616D616E64656D656E2070616461203139204F6B746F6265722031393939227D2C207B22716964223A2022706B6E3130222C202274797065223A202231222C2022616E73776572223A205B7B22716964223A2022706B6E3130222C2022616E73776572223A2022506173616C20312C20332C20362C2031312C2031372C2032332C2064616E2032362E222C2022776569676874223A202230222C2022616E737765725F6964223A20223438227D2C207B22716964223A2022706B6E3130222C2022616E73776572223A2022506173616C20312C20332C20362C2031312C2031372C2032342C2064616E2032352E222C2022776569676874223A202230222C2022616E737765725F6964223A20223530227D2C207B22716964223A2022706B6E3130222C2022616E73776572223A2022506173616C20312C20332C20362C2031312C2031372C2032332C2064616E2032372E222C2022776569676874223A202230222C2022616E737765725F6964223A20223439227D2C207B22716964223A2022706B6E3130222C2022616E73776572223A2022506173616C20312C20332C20362C2031312C2031372C2032332C2064616E2032352E222C2022776569676874223A202230222C2022616E737765725F6964223A20223437227D2C207B22716964223A2022706B6E3130222C2022616E73776572223A2022506173616C20312C20332C20362C2031312C2031372C2032332C2064616E2032342E222C2022776569676874223A2022313030222C2022616E737765725F6964223A20223436227D5D2C202263617465676F7279223A202233222C20227175657374696F6E223A2022506173616C206265726170612073616A61205555442031393435206B6574696761206B616C69206469616D616E64656D656EE280A6222C2022636F72726563745F6465736372696265223A2022555544203139343520756E74756B206B6574696761206B616C696E79612064692D616D616E64656D656E20796169747520506173616C20312C20332C20362C2031312C2031372C2032332C2064616E2032342E227D2C207B22716964223A2022706B6E3038222C202274797065223A202231222C2022616E73776572223A205B7B22716964223A2022706B6E3038222C2022616E73776572223A2022506173616C20352C20372C20392C2031332C2031342C2031352C2031372C2032312064616E2032342E222C2022776569676874223A202230222C2022616E737765725F6964223A20223430227D2C207B22716964223A2022706B6E3038222C2022616E73776572223A2022506173616C20352C20372C20392C2031332C2031342C2031352C2031372C2032302064616E2032342E222C2022776569676874223A202230222C2022616E737765725F6964223A20223339227D2C207B22716964223A2022706B6E3038222C2022616E73776572223A2022506173616C20352C20372C20392C2031332C2031342C2031352C2031372C2032302064616E2032312E222C2022776569676874223A2022313030222C2022616E737765725F6964223A20223336227D2C207B22716964223A2022706B6E3038222C2022616E73776572223A2022506173616C20352C20372C20392C2031332C2031342C2031352C2031372C2032302064616E2032332E222C2022776569676874223A202230222C2022616E737765725F6964223A20223338227D2C207B22716964223A2022706B6E3038222C2022616E73776572223A2022506173616C20352C20372C20392C2031332C2031342C2031352C2031372C2032302064616E2032322E222C2022776569676874223A202230222C2022616E737765725F6964223A20223337227D5D2C202263617465676F7279223A202233222C20227175657374696F6E223A2022506173616C206265726170612073616A612055554420313934352070657274616D61206B616C692064692D616D616E64656D656EE280A6222C2022636F72726563745F6465736372696265223A2022506173616C2079616E672070657274616D61206B616C6920646920616D616E64656D656E206164616C616820506173616C20352C20372C20392C2031332C2031342C2031352C2031372C2032302064616E203231227D2C207B22716964223A2022706B6E3035222C202274797065223A202231222C2022616E73776572223A205B7B22716964223A2022706B6E3035222C2022616E73776572223A2022494E50524553204E6F2E313220546168756E2031393638222C2022776569676874223A202230222C2022616E737765725F6964223A20223232227D2C207B22716964223A2022706B6E3035222C2022616E73776572223A2022544150204D5052205249222C2022776569676874223A202230222C2022616E737765725F6964223A20223231227D2C207B22716964223A2022706B6E3035222C2022616E73776572223A20225555204E6F2E3520546168756E2031393835222C2022776569676874223A202230222C2022616E737765725F6964223A20223233227D2C207B22716964223A2022706B6E3035222C2022616E73776572223A20225555442031393435222C2022776569676874223A202230222C2022616E737765725F6964223A20223235227D2C207B22716964223A2022706B6E3035222C2022616E73776572223A2022544150204D5052204E6F2E492F4D50522F31393833222C2022776569676874223A2022313030222C2022616E737765725F6964223A20223234227D5D2C202263617465676F7279223A202233222C20227175657374696F6E223A2022546174612063617261206D656E67756361706B616E2050616E636173696C61207061646120757061636172612D75706163617261207265736D6920646974657461706B616E2070616461222C2022636F72726563745F6465736372696265223A2022546174612063617261206D656E67756361706B616E2050616E636173696C61207061646120757061636172612D75706163617261207265736D6920646974657461706B616E207061646120544150204D5052204E6F2E492F4D50522F31393833227D2C207B22716964223A2022706B6E3031222C202274797065223A202231222C2022616E73776572223A205B7B22716964223A2022706B6E3031222C2022616E73776572223A202253756D626572206461726920736567616C612073756D6265722068756B756D222C2022776569676874223A2022313030222C2022616E737765725F6964223A202231227D2C207B22716964223A2022706B6E3031222C2022616E73776572223A202248756B756D2074657274696E67676920646920496E646F6E65736961222C2022776569676874223A202230222C2022616E737765725F6964223A202232227D2C207B22716964223A2022706B6E3031222C2022616E73776572223A2022536574696E676B61742064656E67616E205555442031393435222C2022776569676874223A202230222C2022616E737765725F6964223A202234227D2C207B22716964223A2022706B6E3031222C2022616E73776572223A202248756B756D20746964616B2074657274756C69732074657274696E67676920646920496E646F6E65736961222C2022776569676874223A202230222C2022616E737765725F6964223A202235227D2C207B22716964223A2022706B6E3031222C2022616E73776572223A202248756B756D2074657274756C69732074657274696E67676920646920496E646F6E65736961222C2022776569676874223A202230222C2022616E737765725F6964223A202233227D5D2C202263617465676F7279223A202233222C20227175657374696F6E223A202244616C616D2073756D62657220746174612068756B756D20646920496E646F6E657369612C2050616E636173696C612064696A6164696B616E20736562616761693F222C2022636F72726563745F6465736372696265223A202244616C616D2073756D62657220746174612068756B756D20646920496E646F6E657369612C2050616E636173696C612064696A6164696B616E20736562616761692073756D626572206461726920736567616C612073756D6265722068756B756D227D2C207B22716964223A2022706B6E3036222C202274797065223A202231222C2022616E73776572223A205B7B22716964223A2022706B6E3036222C2022616E73776572223A202253696C61206B656C696D61222C2022776569676874223A202230222C2022616E737765725F6964223A20223239227D2C207B22716964223A2022706B6E3036222C2022616E73776572223A202253696C61206B65656D706174222C2022776569676874223A202230222C2022616E737765725F6964223A20223238227D2C207B22716964223A2022706B6E3036222C2022616E73776572223A202253696C61206B6574696761222C2022776569676874223A202230222C2022616E737765725F6964223A20223237227D2C207B22716964223A2022706B6E3036222C2022616E73776572223A202253696C61206B65647561222C2022776569676874223A2022313030222C2022616E737765725F6964223A20223236227D2C207B22716964223A2022706B6E3036222C2022616E73776572223A202253696C612070657274616D61222C2022776569676874223A202230222C2022616E737765725F6964223A20223330227D5D2C202263617465676F7279223A202233222C20227175657374696F6E223A2022487562756E67616E20736F7369616C2079616E672073656C617261732C207365726173692C207365696D62616E6720616E7461726120696E6469766964752064616E206D6173796172616B61742064696A69776169206F6C6568206E696C61692D6E696C61692050616E636173696C612C207961697475222C2022636F72726563745F6465736372696265223A2022487562756E67616E20736F7369616C2079616E672073656C617261732C207365726173692C207365696D62616E6720616E7461726120696E6469766964752064616E206D6173796172616B61742064696A69776169206F6C6568206E696C61692D6E696C61692050616E636173696C612C20796169747520706164612073696C61206B65647561227D2C207B22716964223A2022706B6E3037222C202274797065223A202231222C2022616E73776572223A205B7B22716964223A2022706B6E3037222C2022616E73776572223A202231204B616C69222C2022776569676874223A202230222C2022616E737765725F6964223A20223331227D2C207B22716964223A2022706B6E3037222C2022616E73776572223A202232204B616C69222C2022776569676874223A202230222C2022616E737765725F6964223A20223332227D2C207B22716964223A2022706B6E3037222C2022616E73776572223A202234204B616C69222C2022776569676874223A2022313030222C2022616E737765725F6964223A20223334227D2C207B22716964223A2022706B6E3037222C2022616E73776572223A202235204B616C69222C2022776569676874223A202230222C2022616E737765725F6964223A20223335227D2C207B22716964223A2022706B6E3037222C2022616E73776572223A202233204B616C69222C2022776569676874223A202230222C2022616E737765725F6964223A20223333227D5D2C202263617465676F7279223A202233222C20227175657374696F6E223A2022426572617061206B616C692055554420313934352064692D616D616E64656D656E2E2E2E222C2022636F72726563745F6465736372696265223A202255554420313934352074656C61682064692D616D616E64656D656E20736562616E79616B2034206B616C69227D5D',1,5,10,1,0,30,0,'2018-02-20 11:26:02',1,NULL,0,1,0),
	('zXsCbJH5',X'5B7B22716964223A2022706B6E3130222C202274797065223A202231222C2022616E73776572223A205B7B22716964223A2022706B6E3130222C2022616E73776572223A2022506173616C20312C20332C20362C2031312C2031372C2032342C2064616E2032352E222C2022776569676874223A202230222C2022616E737765725F6964223A20223530227D2C207B22716964223A2022706B6E3130222C2022616E73776572223A2022506173616C20312C20332C20362C2031312C2031372C2032332C2064616E2032342E222C2022776569676874223A2022313030222C2022616E737765725F6964223A20223436227D2C207B22716964223A2022706B6E3130222C2022616E73776572223A2022506173616C20312C20332C20362C2031312C2031372C2032332C2064616E2032362E222C2022776569676874223A202230222C2022616E737765725F6964223A20223438227D2C207B22716964223A2022706B6E3130222C2022616E73776572223A2022506173616C20312C20332C20362C2031312C2031372C2032332C2064616E2032352E222C2022776569676874223A202230222C2022616E737765725F6964223A20223437227D2C207B22716964223A2022706B6E3130222C2022616E73776572223A2022506173616C20312C20332C20362C2031312C2031372C2032332C2064616E2032372E222C2022776569676874223A202230222C2022616E737765725F6964223A20223439227D5D2C202263617465676F7279223A202233222C20227175657374696F6E223A2022506173616C206265726170612073616A61205555442031393435206B6574696761206B616C69206469616D616E64656D656EE280A6222C2022636F72726563745F6465736372696265223A2022555544203139343520756E74756B206B6574696761206B616C696E79612064692D616D616E64656D656E20796169747520506173616C20312C20332C20362C2031312C2031372C2032332C2064616E2032342E227D2C207B22716964223A2022706B6E3038222C202274797065223A202231222C2022616E73776572223A205B7B22716964223A2022706B6E3038222C2022616E73776572223A2022506173616C20352C20372C20392C2031332C2031342C2031352C2031372C2032302064616E2032322E222C2022776569676874223A202230222C2022616E737765725F6964223A20223337227D2C207B22716964223A2022706B6E3038222C2022616E73776572223A2022506173616C20352C20372C20392C2031332C2031342C2031352C2031372C2032302064616E2032312E222C2022776569676874223A2022313030222C2022616E737765725F6964223A20223336227D2C207B22716964223A2022706B6E3038222C2022616E73776572223A2022506173616C20352C20372C20392C2031332C2031342C2031352C2031372C2032302064616E2032342E222C2022776569676874223A202230222C2022616E737765725F6964223A20223339227D2C207B22716964223A2022706B6E3038222C2022616E73776572223A2022506173616C20352C20372C20392C2031332C2031342C2031352C2031372C2032312064616E2032342E222C2022776569676874223A202230222C2022616E737765725F6964223A20223430227D2C207B22716964223A2022706B6E3038222C2022616E73776572223A2022506173616C20352C20372C20392C2031332C2031342C2031352C2031372C2032302064616E2032332E222C2022776569676874223A202230222C2022616E737765725F6964223A20223338227D5D2C202263617465676F7279223A202233222C20227175657374696F6E223A2022506173616C206265726170612073616A612055554420313934352070657274616D61206B616C692064692D616D616E64656D656EE280A6222C2022636F72726563745F6465736372696265223A2022506173616C2079616E672070657274616D61206B616C6920646920616D616E64656D656E206164616C616820506173616C20352C20372C20392C2031332C2031342C2031352C2031372C2032302064616E203231227D2C207B22716964223A2022706B6E3036222C202274797065223A202231222C2022616E73776572223A205B7B22716964223A2022706B6E3036222C2022616E73776572223A202253696C61206B65656D706174222C2022776569676874223A202230222C2022616E737765725F6964223A20223238227D2C207B22716964223A2022706B6E3036222C2022616E73776572223A202253696C61206B6574696761222C2022776569676874223A202230222C2022616E737765725F6964223A20223237227D2C207B22716964223A2022706B6E3036222C2022616E73776572223A202253696C612070657274616D61222C2022776569676874223A202230222C2022616E737765725F6964223A20223330227D2C207B22716964223A2022706B6E3036222C2022616E73776572223A202253696C61206B65647561222C2022776569676874223A2022313030222C2022616E737765725F6964223A20223236227D2C207B22716964223A2022706B6E3036222C2022616E73776572223A202253696C61206B656C696D61222C2022776569676874223A202230222C2022616E737765725F6964223A20223239227D5D2C202263617465676F7279223A202233222C20227175657374696F6E223A2022487562756E67616E20736F7369616C2079616E672073656C617261732C207365726173692C207365696D62616E6720616E7461726120696E6469766964752064616E206D6173796172616B61742064696A69776169206F6C6568206E696C61692D6E696C61692050616E636173696C612C207961697475222C2022636F72726563745F6465736372696265223A2022487562756E67616E20736F7369616C2079616E672073656C617261732C207365726173692C207365696D62616E6720616E7461726120696E6469766964752064616E206D6173796172616B61742064696A69776169206F6C6568206E696C61692D6E696C61692050616E636173696C612C20796169747520706164612073696C61206B65647561227D2C207B22716964223A2022706B6E3035222C202274797065223A202231222C2022616E73776572223A205B7B22716964223A2022706B6E3035222C2022616E73776572223A2022544150204D5052205249222C2022776569676874223A202230222C2022616E737765725F6964223A20223231227D2C207B22716964223A2022706B6E3035222C2022616E73776572223A2022494E50524553204E6F2E313220546168756E2031393638222C2022776569676874223A202230222C2022616E737765725F6964223A20223232227D2C207B22716964223A2022706B6E3035222C2022616E73776572223A20225555442031393435222C2022776569676874223A202230222C2022616E737765725F6964223A20223235227D2C207B22716964223A2022706B6E3035222C2022616E73776572223A2022544150204D5052204E6F2E492F4D50522F31393833222C2022776569676874223A2022313030222C2022616E737765725F6964223A20223234227D2C207B22716964223A2022706B6E3035222C2022616E73776572223A20225555204E6F2E3520546168756E2031393835222C2022776569676874223A202230222C2022616E737765725F6964223A20223233227D5D2C202263617465676F7279223A202233222C20227175657374696F6E223A2022546174612063617261206D656E67756361706B616E2050616E636173696C61207061646120757061636172612D75706163617261207265736D6920646974657461706B616E2070616461222C2022636F72726563745F6465736372696265223A2022546174612063617261206D656E67756361706B616E2050616E636173696C61207061646120757061636172612D75706163617261207265736D6920646974657461706B616E207061646120544150204D5052204E6F2E492F4D50522F31393833227D2C207B22716964223A2022706B6E3037222C202274797065223A202231222C2022616E73776572223A205B7B22716964223A2022706B6E3037222C2022616E73776572223A202234204B616C69222C2022776569676874223A2022313030222C2022616E737765725F6964223A20223334227D2C207B22716964223A2022706B6E3037222C2022616E73776572223A202235204B616C69222C2022776569676874223A202230222C2022616E737765725F6964223A20223335227D2C207B22716964223A2022706B6E3037222C2022616E73776572223A202232204B616C69222C2022776569676874223A202230222C2022616E737765725F6964223A20223332227D2C207B22716964223A2022706B6E3037222C2022616E73776572223A202233204B616C69222C2022776569676874223A202230222C2022616E737765725F6964223A20223333227D2C207B22716964223A2022706B6E3037222C2022616E73776572223A202231204B616C69222C2022776569676874223A202230222C2022616E737765725F6964223A20223331227D5D2C202263617465676F7279223A202233222C20227175657374696F6E223A2022426572617061206B616C692055554420313934352064692D616D616E64656D656E2E2E2E222C2022636F72726563745F6465736372696265223A202255554420313934352074656C61682064692D616D616E64656D656E20736562616E79616B2034206B616C69227D2C207B22716964223A2022706B6E3032222C202274797065223A202231222C2022616E73776572223A205B7B22716964223A2022706B6E3032222C2022616E73776572223A202246616C73616661682064616E206461736172206E6567617261222C2022776569676874223A202230222C2022616E737765725F6964223A202237227D2C207B22716964223A2022706B6E3032222C2022616E73776572223A202253756D6265722068756B756D222C2022776569676874223A202230222C2022616E737765725F6964223A20223135227D2C207B22716964223A2022706B6E3032222C2022616E73776572223A202253656D75612073616C6168222C2022776569676874223A202230222C2022616E737765725F6964223A20223137227D2C207B22716964223A2022706B6E3032222C2022616E73776572223A202250616E64616E67616E206869647570222C2022776569676874223A2022313030222C2022616E737765725F6964223A202236227D2C207B22716964223A2022706B6E3032222C2022616E73776572223A202253656D75612062656E6172222C2022776569676874223A202230222C2022616E737765725F6964223A20223136227D5D2C202263617465676F7279223A202233222C20227175657374696F6E223A202250616E636173696C6120626167692062616E67736120496E646F6E65736961206D65727570616B616E222C2022636F72726563745F6465736372696265223A202250616E636173696C6120626167692062616E67736120496E646F6E65736961206D65727570616B616E2070616E64616E67616E2068696475702E227D2C207B22716964223A2022706B6E3131222C202274797065223A202231222C2022616E73776572223A205B7B22716964223A2022706B6E3131222C2022616E73776572223A20223139204F6B746F6265722032303033222C2022776569676874223A202230222C2022616E737765725F6964223A20223535227D2C207B22716964223A2022706B6E3131222C2022616E73776572223A20223139204F6B746F6265722032303030222C2022776569676874223A202230222C2022616E737765725F6964223A20223532227D2C207B22716964223A2022706B6E3131222C2022616E73776572223A20223139204F6B746F6265722031393938222C2022776569676874223A202230222C2022616E737765725F6964223A20223534227D2C207B22716964223A2022706B6E3131222C2022616E73776572223A20223139204F6B746F6265722032303031222C2022776569676874223A202230222C2022616E737765725F6964223A20223533227D2C207B22716964223A2022706B6E3131222C2022616E73776572223A20223139204F6B746F6265722031393939222C2022776569676874223A2022313030222C2022616E737765725F6964223A20223531227D5D2C202263617465676F7279223A202233222C20227175657374696F6E223A20224B6170616E20616D616E64656D656E2055554420313934352070657274616D616B616C692064696C616B756B616E2E2E222C2022636F72726563745F6465736372696265223A2022556E74756B2070657274616D616B616C696E796120555544203139343520646920616D616E64656D656E2070616461203139204F6B746F6265722031393939227D2C207B22716964223A2022706B6E3034222C202274797065223A202231222C2022616E73776572223A205B7B22716964223A2022706B6E3034222C2022616E73776572223A20224461736172205065726A75616E67616E2062616E677361222C2022776569676874223A202230222C2022616E737765725F6964223A20223134227D2C207B22716964223A2022706B6E3034222C2022616E73776572223A20224461736172206B65746174616E6567617261616E222C2022776569676874223A202230222C2022616E737765725F6964223A20223133227D2C207B22716964223A2022706B6E3034222C2022616E73776572223A20224461736172206B656E6567617261616E222C2022776569676874223A202230222C2022616E737765725F6964223A20223131227D2C207B22716964223A2022706B6E3034222C2022616E73776572223A20224461736172206E6567617261222C2022776569676874223A2022313030222C2022616E737765725F6964223A20223130227D2C207B22716964223A2022706B6E3034222C2022616E73776572223A20224461736172206265726167616D61222C2022776569676874223A202230222C2022616E737765725F6964223A20223132227D5D2C202263617465676F7279223A202233222C20227175657374696F6E223A202244616C616D206B656869647570616E206265726E65676172612C2050616E636173696C6120626572706572616E2073656261676169222C2022636F72726563745F6465736372696265223A2022342E2044616C616D206B656869647570616E206265726E65676172612C2050616E636173696C6120626572706572616E2073656261676169206461736172206E6567617261227D2C207B22716964223A2022706B6E3031222C202274797065223A202231222C2022616E73776572223A205B7B22716964223A2022706B6E3031222C2022616E73776572223A202248756B756D2074657274696E67676920646920496E646F6E65736961222C2022776569676874223A202230222C2022616E737765725F6964223A202232227D2C207B22716964223A2022706B6E3031222C2022616E73776572223A202248756B756D20746964616B2074657274756C69732074657274696E67676920646920496E646F6E65736961222C2022776569676874223A202230222C2022616E737765725F6964223A202235227D2C207B22716964223A2022706B6E3031222C2022616E73776572223A202253756D626572206461726920736567616C612073756D6265722068756B756D222C2022776569676874223A2022313030222C2022616E737765725F6964223A202231227D2C207B22716964223A2022706B6E3031222C2022616E73776572223A202248756B756D2074657274756C69732074657274696E67676920646920496E646F6E65736961222C2022776569676874223A202230222C2022616E737765725F6964223A202233227D2C207B22716964223A2022706B6E3031222C2022616E73776572223A2022536574696E676B61742064656E67616E205555442031393435222C2022776569676874223A202230222C2022616E737765725F6964223A202234227D5D2C202263617465676F7279223A202233222C20227175657374696F6E223A202244616C616D2073756D62657220746174612068756B756D20646920496E646F6E657369612C2050616E636173696C612064696A6164696B616E20736562616761693F222C2022636F72726563745F6465736372696265223A202244616C616D2073756D62657220746174612068756B756D20646920496E646F6E657369612C2050616E636173696C612064696A6164696B616E20736562616761692073756D626572206461726920736567616C612073756D6265722068756B756D227D2C207B22716964223A2022706B6E3039222C202274797065223A202231222C2022616E73776572223A205B7B22716964223A2022706B6E3039222C2022616E73776572223A2022506173616C2031382C2031392C2032302C2032322C2032352C2032362C2032372C2032382C2033302C2064616E2033352E222C2022776569676874223A202230222C2022616E737765725F6964223A20223431227D2C207B22716964223A2022706B6E3039222C2022616E73776572223A2022506173616C2031382C2031392C2032302C2032322C2032352C2032362C2032372C2032382C2033302C2064616E2033382E222C2022776569676874223A202230222C2022616E737765725F6964223A20223434227D2C207B22716964223A2022706B6E3039222C2022616E73776572223A2022506173616C2031382C2031392C2032302C2032322C2032352C2032362C2032372C2032382C2033302C2064616E2033362E222C2022776569676874223A2022313030222C2022616E737765725F6964223A20223432227D2C207B22716964223A2022706B6E3039222C2022616E73776572223A2022506173616C2031382C2031392C2032302C2032322C2032352C2032362C2032372C2032382C2033352C2064616E2033362E222C2022776569676874223A202230222C2022616E737765725F6964223A20223435227D2C207B22716964223A2022706B6E3039222C2022616E73776572223A2022506173616C2031382C2031392C2032302C2032322C2032352C2032362C2032372C2032382C2033302C2064616E2033372E222C2022776569676874223A202230222C2022616E737765725F6964223A20223433227D5D2C202263617465676F7279223A202233222C20227175657374696F6E223A2022506173616C206265726170612073616A61205555442031393435206B65647561206B616C69206469616D616E64656D656EE280A6222C2022636F72726563745F6465736372696265223A2022556E74756B206B65647561206B616C696E796120555544203139343520646920616D616E64656D656E206164616C616820506173616C2031382C2031392C2032302C2032322C2032352C2032362C2032372C2032382C2033302C2064616E2033362E227D5D',1,5,10,1,0,30,0,'2018-02-20 11:56:43',1,NULL,0,1,0),
	('BLHDcxuP',X'5B7B22716964223A2022706B6E3034222C202274797065223A202231222C2022616E73776572223A205B7B22716964223A2022706B6E3034222C2022616E73776572223A20224461736172206265726167616D61222C2022776569676874223A202230222C2022616E737765725F6964223A20223132227D2C207B22716964223A2022706B6E3034222C2022616E73776572223A20224461736172205065726A75616E67616E2062616E677361222C2022776569676874223A202230222C2022616E737765725F6964223A20223134227D2C207B22716964223A2022706B6E3034222C2022616E73776572223A20224461736172206B656E6567617261616E222C2022776569676874223A202230222C2022616E737765725F6964223A20223131227D2C207B22716964223A2022706B6E3034222C2022616E73776572223A20224461736172206B65746174616E6567617261616E222C2022776569676874223A202230222C2022616E737765725F6964223A20223133227D2C207B22716964223A2022706B6E3034222C2022616E73776572223A20224461736172206E6567617261222C2022776569676874223A2022313030222C2022616E737765725F6964223A20223130227D5D2C202263617465676F7279223A202233222C20227175657374696F6E223A202244616C616D206B656869647570616E206265726E65676172612C2050616E636173696C6120626572706572616E2073656261676169222C2022636F72726563745F6465736372696265223A2022342E2044616C616D206B656869647570616E206265726E65676172612C2050616E636173696C6120626572706572616E2073656261676169206461736172206E6567617261227D2C207B22716964223A2022706B6E3031222C202274797065223A202231222C2022616E73776572223A205B7B22716964223A2022706B6E3031222C2022616E73776572223A202253756D626572206461726920736567616C612073756D6265722068756B756D222C2022776569676874223A2022313030222C2022616E737765725F6964223A202231227D2C207B22716964223A2022706B6E3031222C2022616E73776572223A2022536574696E676B61742064656E67616E205555442031393435222C2022776569676874223A202230222C2022616E737765725F6964223A202234227D2C207B22716964223A2022706B6E3031222C2022616E73776572223A202248756B756D2074657274696E67676920646920496E646F6E65736961222C2022776569676874223A202230222C2022616E737765725F6964223A202232227D2C207B22716964223A2022706B6E3031222C2022616E73776572223A202248756B756D20746964616B2074657274756C69732074657274696E67676920646920496E646F6E65736961222C2022776569676874223A202230222C2022616E737765725F6964223A202235227D2C207B22716964223A2022706B6E3031222C2022616E73776572223A202248756B756D2074657274756C69732074657274696E67676920646920496E646F6E65736961222C2022776569676874223A202230222C2022616E737765725F6964223A202233227D5D2C202263617465676F7279223A202233222C20227175657374696F6E223A202244616C616D2073756D62657220746174612068756B756D20646920496E646F6E657369612C2050616E636173696C612064696A6164696B616E20736562616761693F222C2022636F72726563745F6465736372696265223A202244616C616D2073756D62657220746174612068756B756D20646920496E646F6E657369612C2050616E636173696C612064696A6164696B616E20736562616761692073756D626572206461726920736567616C612073756D6265722068756B756D227D2C207B22716964223A2022706B6E3032222C202274797065223A202231222C2022616E73776572223A205B7B22716964223A2022706B6E3032222C2022616E73776572223A202250616E64616E67616E206869647570222C2022776569676874223A2022313030222C2022616E737765725F6964223A202236227D2C207B22716964223A2022706B6E3032222C2022616E73776572223A202253656D75612062656E6172222C2022776569676874223A202230222C2022616E737765725F6964223A20223136227D2C207B22716964223A2022706B6E3032222C2022616E73776572223A202253756D6265722068756B756D222C2022776569676874223A202230222C2022616E737765725F6964223A20223135227D2C207B22716964223A2022706B6E3032222C2022616E73776572223A202246616C73616661682064616E206461736172206E6567617261222C2022776569676874223A202230222C2022616E737765725F6964223A202237227D2C207B22716964223A2022706B6E3032222C2022616E73776572223A202253656D75612073616C6168222C2022776569676874223A202230222C2022616E737765725F6964223A20223137227D5D2C202263617465676F7279223A202233222C20227175657374696F6E223A202250616E636173696C6120626167692062616E67736120496E646F6E65736961206D65727570616B616E222C2022636F72726563745F6465736372696265223A202250616E636173696C6120626167692062616E67736120496E646F6E65736961206D65727570616B616E2070616E64616E67616E2068696475702E227D2C207B22716964223A2022706B6E3036222C202274797065223A202231222C2022616E73776572223A205B7B22716964223A2022706B6E3036222C2022616E73776572223A202253696C61206B65656D706174222C2022776569676874223A202230222C2022616E737765725F6964223A20223238227D2C207B22716964223A2022706B6E3036222C2022616E73776572223A202253696C61206B65647561222C2022776569676874223A2022313030222C2022616E737765725F6964223A20223236227D2C207B22716964223A2022706B6E3036222C2022616E73776572223A202253696C61206B6574696761222C2022776569676874223A202230222C2022616E737765725F6964223A20223237227D2C207B22716964223A2022706B6E3036222C2022616E73776572223A202253696C612070657274616D61222C2022776569676874223A202230222C2022616E737765725F6964223A20223330227D2C207B22716964223A2022706B6E3036222C2022616E73776572223A202253696C61206B656C696D61222C2022776569676874223A202230222C2022616E737765725F6964223A20223239227D5D2C202263617465676F7279223A202233222C20227175657374696F6E223A2022487562756E67616E20736F7369616C2079616E672073656C617261732C207365726173692C207365696D62616E6720616E7461726120696E6469766964752064616E206D6173796172616B61742064696A69776169206F6C6568206E696C61692D6E696C61692050616E636173696C612C207961697475222C2022636F72726563745F6465736372696265223A2022487562756E67616E20736F7369616C2079616E672073656C617261732C207365726173692C207365696D62616E6720616E7461726120696E6469766964752064616E206D6173796172616B61742064696A69776169206F6C6568206E696C61692D6E696C61692050616E636173696C612C20796169747520706164612073696C61206B65647561227D2C207B22716964223A2022706B6E3039222C202274797065223A202231222C2022616E73776572223A205B7B22716964223A2022706B6E3039222C2022616E73776572223A2022506173616C2031382C2031392C2032302C2032322C2032352C2032362C2032372C2032382C2033302C2064616E2033382E222C2022776569676874223A202230222C2022616E737765725F6964223A20223434227D2C207B22716964223A2022706B6E3039222C2022616E73776572223A2022506173616C2031382C2031392C2032302C2032322C2032352C2032362C2032372C2032382C2033302C2064616E2033372E222C2022776569676874223A202230222C2022616E737765725F6964223A20223433227D2C207B22716964223A2022706B6E3039222C2022616E73776572223A2022506173616C2031382C2031392C2032302C2032322C2032352C2032362C2032372C2032382C2033302C2064616E2033352E222C2022776569676874223A202230222C2022616E737765725F6964223A20223431227D2C207B22716964223A2022706B6E3039222C2022616E73776572223A2022506173616C2031382C2031392C2032302C2032322C2032352C2032362C2032372C2032382C2033302C2064616E2033362E222C2022776569676874223A2022313030222C2022616E737765725F6964223A20223432227D2C207B22716964223A2022706B6E3039222C2022616E73776572223A2022506173616C2031382C2031392C2032302C2032322C2032352C2032362C2032372C2032382C2033352C2064616E2033362E222C2022776569676874223A202230222C2022616E737765725F6964223A20223435227D5D2C202263617465676F7279223A202233222C20227175657374696F6E223A2022506173616C206265726170612073616A61205555442031393435206B65647561206B616C69206469616D616E64656D656EE280A6222C2022636F72726563745F6465736372696265223A2022556E74756B206B65647561206B616C696E796120555544203139343520646920616D616E64656D656E206164616C616820506173616C2031382C2031392C2032302C2032322C2032352C2032362C2032372C2032382C2033302C2064616E2033362E227D2C207B22716964223A2022706B6E3131222C202274797065223A202231222C2022616E73776572223A205B7B22716964223A2022706B6E3131222C2022616E73776572223A20223139204F6B746F6265722032303030222C2022776569676874223A202230222C2022616E737765725F6964223A20223532227D2C207B22716964223A2022706B6E3131222C2022616E73776572223A20223139204F6B746F6265722032303033222C2022776569676874223A202230222C2022616E737765725F6964223A20223535227D2C207B22716964223A2022706B6E3131222C2022616E73776572223A20223139204F6B746F6265722032303031222C2022776569676874223A202230222C2022616E737765725F6964223A20223533227D2C207B22716964223A2022706B6E3131222C2022616E73776572223A20223139204F6B746F6265722031393939222C2022776569676874223A2022313030222C2022616E737765725F6964223A20223531227D2C207B22716964223A2022706B6E3131222C2022616E73776572223A20223139204F6B746F6265722031393938222C2022776569676874223A202230222C2022616E737765725F6964223A20223534227D5D2C202263617465676F7279223A202233222C20227175657374696F6E223A20224B6170616E20616D616E64656D656E2055554420313934352070657274616D616B616C692064696C616B756B616E2E2E222C2022636F72726563745F6465736372696265223A2022556E74756B2070657274616D616B616C696E796120555544203139343520646920616D616E64656D656E2070616461203139204F6B746F6265722031393939227D2C207B22716964223A2022706B6E3033222C202274797065223A202231222C2022616E73776572223A205B7B22716964223A2022706B6E3033222C2022616E73776572223A20224B697461622053757461736F6D61222C2022776569676874223A202230222C2022616E737765725F6964223A20223138227D2C207B22716964223A2022706B6E3033222C2022616E73776572223A202250726F6B6C616D61736920313720416775737475732031393435222C2022776569676874223A202230222C2022616E737765725F6964223A202239227D2C207B22716964223A2022706B6E3033222C2022616E73776572223A202250696167616D204A616B61727461222C2022776569676874223A202230222C2022616E737765725F6964223A20223230227D2C207B22716964223A2022706B6E3033222C2022616E73776572223A202250696461746F2042756E67204B61726E6F222C2022776569676874223A202230222C2022616E737765725F6964223A202238227D2C207B22716964223A2022706B6E3033222C2022616E73776572223A202250656D62756B61616E205555442031393435222C2022776569676874223A202230222C2022616E737765725F6964223A20223139227D5D2C202263617465676F7279223A202233222C20227175657374696F6E223A202252756D7573616E2050616E636173696C612079616E67207265736D692074657264617061742064616C616D222C2022636F72726563745F6465736372696265223A202252756D7573616E2050616E636173696C612079616E67207265736D692074657264617061742064616C616D2050656D62756B61616E205555442031393435227D2C207B22716964223A2022706B6E3035222C202274797065223A202231222C2022616E73776572223A205B7B22716964223A2022706B6E3035222C2022616E73776572223A20225555442031393435222C2022776569676874223A202230222C2022616E737765725F6964223A20223235227D2C207B22716964223A2022706B6E3035222C2022616E73776572223A2022494E50524553204E6F2E313220546168756E2031393638222C2022776569676874223A202230222C2022616E737765725F6964223A20223232227D2C207B22716964223A2022706B6E3035222C2022616E73776572223A2022544150204D5052204E6F2E492F4D50522F31393833222C2022776569676874223A2022313030222C2022616E737765725F6964223A20223234227D2C207B22716964223A2022706B6E3035222C2022616E73776572223A20225555204E6F2E3520546168756E2031393835222C2022776569676874223A202230222C2022616E737765725F6964223A20223233227D2C207B22716964223A2022706B6E3035222C2022616E73776572223A2022544150204D5052205249222C2022776569676874223A202230222C2022616E737765725F6964223A20223231227D5D2C202263617465676F7279223A202233222C20227175657374696F6E223A2022546174612063617261206D656E67756361706B616E2050616E636173696C61207061646120757061636172612D75706163617261207265736D6920646974657461706B616E2070616461222C2022636F72726563745F6465736372696265223A2022546174612063617261206D656E67756361706B616E2050616E636173696C61207061646120757061636172612D75706163617261207265736D6920646974657461706B616E207061646120544150204D5052204E6F2E492F4D50522F31393833227D2C207B22716964223A2022706B6E3038222C202274797065223A202231222C2022616E73776572223A205B7B22716964223A2022706B6E3038222C2022616E73776572223A2022506173616C20352C20372C20392C2031332C2031342C2031352C2031372C2032302064616E2032342E222C2022776569676874223A202230222C2022616E737765725F6964223A20223339227D2C207B22716964223A2022706B6E3038222C2022616E73776572223A2022506173616C20352C20372C20392C2031332C2031342C2031352C2031372C2032302064616E2032322E222C2022776569676874223A202230222C2022616E737765725F6964223A20223337227D2C207B22716964223A2022706B6E3038222C2022616E73776572223A2022506173616C20352C20372C20392C2031332C2031342C2031352C2031372C2032302064616E2032332E222C2022776569676874223A202230222C2022616E737765725F6964223A20223338227D2C207B22716964223A2022706B6E3038222C2022616E73776572223A2022506173616C20352C20372C20392C2031332C2031342C2031352C2031372C2032302064616E2032312E222C2022776569676874223A2022313030222C2022616E737765725F6964223A20223336227D2C207B22716964223A2022706B6E3038222C2022616E73776572223A2022506173616C20352C20372C20392C2031332C2031342C2031352C2031372C2032312064616E2032342E222C2022776569676874223A202230222C2022616E737765725F6964223A20223430227D5D2C202263617465676F7279223A202233222C20227175657374696F6E223A2022506173616C206265726170612073616A612055554420313934352070657274616D61206B616C692064692D616D616E64656D656EE280A6222C2022636F72726563745F6465736372696265223A2022506173616C2079616E672070657274616D61206B616C6920646920616D616E64656D656E206164616C616820506173616C20352C20372C20392C2031332C2031342C2031352C2031372C2032302064616E203231227D2C207B22716964223A2022706B6E3130222C202274797065223A202231222C2022616E73776572223A205B7B22716964223A2022706B6E3130222C2022616E73776572223A2022506173616C20312C20332C20362C2031312C2031372C2032332C2064616E2032362E222C2022776569676874223A202230222C2022616E737765725F6964223A20223438227D2C207B22716964223A2022706B6E3130222C2022616E73776572223A2022506173616C20312C20332C20362C2031312C2031372C2032342C2064616E2032352E222C2022776569676874223A202230222C2022616E737765725F6964223A20223530227D2C207B22716964223A2022706B6E3130222C2022616E73776572223A2022506173616C20312C20332C20362C2031312C2031372C2032332C2064616E2032372E222C2022776569676874223A202230222C2022616E737765725F6964223A20223439227D2C207B22716964223A2022706B6E3130222C2022616E73776572223A2022506173616C20312C20332C20362C2031312C2031372C2032332C2064616E2032352E222C2022776569676874223A202230222C2022616E737765725F6964223A20223437227D2C207B22716964223A2022706B6E3130222C2022616E73776572223A2022506173616C20312C20332C20362C2031312C2031372C2032332C2064616E2032342E222C2022776569676874223A2022313030222C2022616E737765725F6964223A20223436227D5D2C202263617465676F7279223A202233222C20227175657374696F6E223A2022506173616C206265726170612073616A61205555442031393435206B6574696761206B616C69206469616D616E64656D656EE280A6222C2022636F72726563745F6465736372696265223A2022555544203139343520756E74756B206B6574696761206B616C696E79612064692D616D616E64656D656E20796169747520506173616C20312C20332C20362C2031312C2031372C2032332C2064616E2032342E227D5D',1,5,10,1,0,30,0,'2018-02-20 13:56:16',1,NULL,0,1,0),
	('eEqsvcFJ',X'5B7B22716964223A2022706B6E3037222C202274797065223A202231222C2022616E73776572223A205B7B22716964223A2022706B6E3037222C2022616E73776572223A202235204B616C69222C2022776569676874223A202230222C2022616E737765725F6964223A20223335227D2C207B22716964223A2022706B6E3037222C2022616E73776572223A202233204B616C69222C2022776569676874223A202230222C2022616E737765725F6964223A20223333227D2C207B22716964223A2022706B6E3037222C2022616E73776572223A202232204B616C69222C2022776569676874223A202230222C2022616E737765725F6964223A20223332227D2C207B22716964223A2022706B6E3037222C2022616E73776572223A202234204B616C69222C2022776569676874223A2022313030222C2022616E737765725F6964223A20223334227D2C207B22716964223A2022706B6E3037222C2022616E73776572223A202231204B616C69222C2022776569676874223A202230222C2022616E737765725F6964223A20223331227D5D2C202263617465676F7279223A202233222C20227175657374696F6E223A2022426572617061206B616C692055554420313934352064692D616D616E64656D656E2E2E2E222C2022636F72726563745F6465736372696265223A202255554420313934352074656C61682064692D616D616E64656D656E20736562616E79616B2034206B616C69227D2C207B22716964223A2022706B6E3131222C202274797065223A202231222C2022616E73776572223A205B7B22716964223A2022706B6E3131222C2022616E73776572223A20223139204F6B746F6265722032303030222C2022776569676874223A202230222C2022616E737765725F6964223A20223532227D2C207B22716964223A2022706B6E3131222C2022616E73776572223A20223139204F6B746F6265722032303033222C2022776569676874223A202230222C2022616E737765725F6964223A20223535227D2C207B22716964223A2022706B6E3131222C2022616E73776572223A20223139204F6B746F6265722031393939222C2022776569676874223A2022313030222C2022616E737765725F6964223A20223531227D2C207B22716964223A2022706B6E3131222C2022616E73776572223A20223139204F6B746F6265722032303031222C2022776569676874223A202230222C2022616E737765725F6964223A20223533227D2C207B22716964223A2022706B6E3131222C2022616E73776572223A20223139204F6B746F6265722031393938222C2022776569676874223A202230222C2022616E737765725F6964223A20223534227D5D2C202263617465676F7279223A202233222C20227175657374696F6E223A20224B6170616E20616D616E64656D656E2055554420313934352070657274616D616B616C692064696C616B756B616E2E2E222C2022636F72726563745F6465736372696265223A2022556E74756B2070657274616D616B616C696E796120555544203139343520646920616D616E64656D656E2070616461203139204F6B746F6265722031393939227D2C207B22716964223A2022706B6E3033222C202274797065223A202231222C2022616E73776572223A205B7B22716964223A2022706B6E3033222C2022616E73776572223A202250726F6B6C616D61736920313720416775737475732031393435222C2022776569676874223A202230222C2022616E737765725F6964223A202239227D2C207B22716964223A2022706B6E3033222C2022616E73776572223A202250696461746F2042756E67204B61726E6F222C2022776569676874223A202230222C2022616E737765725F6964223A202238227D2C207B22716964223A2022706B6E3033222C2022616E73776572223A20224B697461622053757461736F6D61222C2022776569676874223A202230222C2022616E737765725F6964223A20223138227D2C207B22716964223A2022706B6E3033222C2022616E73776572223A202250656D62756B61616E205555442031393435222C2022776569676874223A202230222C2022616E737765725F6964223A20223139227D2C207B22716964223A2022706B6E3033222C2022616E73776572223A202250696167616D204A616B61727461222C2022776569676874223A202230222C2022616E737765725F6964223A20223230227D5D2C202263617465676F7279223A202233222C20227175657374696F6E223A202252756D7573616E2050616E636173696C612079616E67207265736D692074657264617061742064616C616D222C2022636F72726563745F6465736372696265223A202252756D7573616E2050616E636173696C612079616E67207265736D692074657264617061742064616C616D2050656D62756B61616E205555442031393435227D2C207B22716964223A2022706B6E3035222C202274797065223A202231222C2022616E73776572223A205B7B22716964223A2022706B6E3035222C2022616E73776572223A20225555442031393435222C2022776569676874223A202230222C2022616E737765725F6964223A20223235227D2C207B22716964223A2022706B6E3035222C2022616E73776572223A2022544150204D5052204E6F2E492F4D50522F31393833222C2022776569676874223A2022313030222C2022616E737765725F6964223A20223234227D2C207B22716964223A2022706B6E3035222C2022616E73776572223A2022544150204D5052205249222C2022776569676874223A202230222C2022616E737765725F6964223A20223231227D2C207B22716964223A2022706B6E3035222C2022616E73776572223A20225555204E6F2E3520546168756E2031393835222C2022776569676874223A202230222C2022616E737765725F6964223A20223233227D2C207B22716964223A2022706B6E3035222C2022616E73776572223A2022494E50524553204E6F2E313220546168756E2031393638222C2022776569676874223A202230222C2022616E737765725F6964223A20223232227D5D2C202263617465676F7279223A202233222C20227175657374696F6E223A2022546174612063617261206D656E67756361706B616E2050616E636173696C61207061646120757061636172612D75706163617261207265736D6920646974657461706B616E2070616461222C2022636F72726563745F6465736372696265223A2022546174612063617261206D656E67756361706B616E2050616E636173696C61207061646120757061636172612D75706163617261207265736D6920646974657461706B616E207061646120544150204D5052204E6F2E492F4D50522F31393833227D2C207B22716964223A2022706B6E3039222C202274797065223A202231222C2022616E73776572223A205B7B22716964223A2022706B6E3039222C2022616E73776572223A2022506173616C2031382C2031392C2032302C2032322C2032352C2032362C2032372C2032382C2033302C2064616E2033382E222C2022776569676874223A202230222C2022616E737765725F6964223A20223434227D2C207B22716964223A2022706B6E3039222C2022616E73776572223A2022506173616C2031382C2031392C2032302C2032322C2032352C2032362C2032372C2032382C2033302C2064616E2033352E222C2022776569676874223A202230222C2022616E737765725F6964223A20223431227D2C207B22716964223A2022706B6E3039222C2022616E73776572223A2022506173616C2031382C2031392C2032302C2032322C2032352C2032362C2032372C2032382C2033352C2064616E2033362E222C2022776569676874223A202230222C2022616E737765725F6964223A20223435227D2C207B22716964223A2022706B6E3039222C2022616E73776572223A2022506173616C2031382C2031392C2032302C2032322C2032352C2032362C2032372C2032382C2033302C2064616E2033372E222C2022776569676874223A202230222C2022616E737765725F6964223A20223433227D2C207B22716964223A2022706B6E3039222C2022616E73776572223A2022506173616C2031382C2031392C2032302C2032322C2032352C2032362C2032372C2032382C2033302C2064616E2033362E222C2022776569676874223A2022313030222C2022616E737765725F6964223A20223432227D5D2C202263617465676F7279223A202233222C20227175657374696F6E223A2022506173616C206265726170612073616A61205555442031393435206B65647561206B616C69206469616D616E64656D656EE280A6222C2022636F72726563745F6465736372696265223A2022556E74756B206B65647561206B616C696E796120555544203139343520646920616D616E64656D656E206164616C616820506173616C2031382C2031392C2032302C2032322C2032352C2032362C2032372C2032382C2033302C2064616E2033362E227D2C207B22716964223A2022706B6E3031222C202274797065223A202231222C2022616E73776572223A205B7B22716964223A2022706B6E3031222C2022616E73776572223A2022536574696E676B61742064656E67616E205555442031393435222C2022776569676874223A202230222C2022616E737765725F6964223A202234227D2C207B22716964223A2022706B6E3031222C2022616E73776572223A202248756B756D2074657274756C69732074657274696E67676920646920496E646F6E65736961222C2022776569676874223A202230222C2022616E737765725F6964223A202233227D2C207B22716964223A2022706B6E3031222C2022616E73776572223A202248756B756D2074657274696E67676920646920496E646F6E65736961222C2022776569676874223A202230222C2022616E737765725F6964223A202232227D2C207B22716964223A2022706B6E3031222C2022616E73776572223A202248756B756D20746964616B2074657274756C69732074657274696E67676920646920496E646F6E65736961222C2022776569676874223A202230222C2022616E737765725F6964223A202235227D2C207B22716964223A2022706B6E3031222C2022616E73776572223A202253756D626572206461726920736567616C612073756D6265722068756B756D222C2022776569676874223A2022313030222C2022616E737765725F6964223A202231227D5D2C202263617465676F7279223A202233222C20227175657374696F6E223A202244616C616D2073756D62657220746174612068756B756D20646920496E646F6E657369612C2050616E636173696C612064696A6164696B616E20736562616761693F222C2022636F72726563745F6465736372696265223A202244616C616D2073756D62657220746174612068756B756D20646920496E646F6E657369612C2050616E636173696C612064696A6164696B616E20736562616761692073756D626572206461726920736567616C612073756D6265722068756B756D227D2C207B22716964223A2022706B6E3034222C202274797065223A202231222C2022616E73776572223A205B7B22716964223A2022706B6E3034222C2022616E73776572223A20224461736172206B65746174616E6567617261616E222C2022776569676874223A202230222C2022616E737765725F6964223A20223133227D2C207B22716964223A2022706B6E3034222C2022616E73776572223A20224461736172206265726167616D61222C2022776569676874223A202230222C2022616E737765725F6964223A20223132227D2C207B22716964223A2022706B6E3034222C2022616E73776572223A20224461736172206B656E6567617261616E222C2022776569676874223A202230222C2022616E737765725F6964223A20223131227D2C207B22716964223A2022706B6E3034222C2022616E73776572223A20224461736172206E6567617261222C2022776569676874223A2022313030222C2022616E737765725F6964223A20223130227D2C207B22716964223A2022706B6E3034222C2022616E73776572223A20224461736172205065726A75616E67616E2062616E677361222C2022776569676874223A202230222C2022616E737765725F6964223A20223134227D5D2C202263617465676F7279223A202233222C20227175657374696F6E223A202244616C616D206B656869647570616E206265726E65676172612C2050616E636173696C6120626572706572616E2073656261676169222C2022636F72726563745F6465736372696265223A2022342E2044616C616D206B656869647570616E206265726E65676172612C2050616E636173696C6120626572706572616E2073656261676169206461736172206E6567617261227D2C207B22716964223A2022706B6E3130222C202274797065223A202231222C2022616E73776572223A205B7B22716964223A2022706B6E3130222C2022616E73776572223A2022506173616C20312C20332C20362C2031312C2031372C2032332C2064616E2032342E222C2022776569676874223A2022313030222C2022616E737765725F6964223A20223436227D2C207B22716964223A2022706B6E3130222C2022616E73776572223A2022506173616C20312C20332C20362C2031312C2031372C2032332C2064616E2032372E222C2022776569676874223A202230222C2022616E737765725F6964223A20223439227D2C207B22716964223A2022706B6E3130222C2022616E73776572223A2022506173616C20312C20332C20362C2031312C2031372C2032342C2064616E2032352E222C2022776569676874223A202230222C2022616E737765725F6964223A20223530227D2C207B22716964223A2022706B6E3130222C2022616E73776572223A2022506173616C20312C20332C20362C2031312C2031372C2032332C2064616E2032352E222C2022776569676874223A202230222C2022616E737765725F6964223A20223437227D2C207B22716964223A2022706B6E3130222C2022616E73776572223A2022506173616C20312C20332C20362C2031312C2031372C2032332C2064616E2032362E222C2022776569676874223A202230222C2022616E737765725F6964223A20223438227D5D2C202263617465676F7279223A202233222C20227175657374696F6E223A2022506173616C206265726170612073616A61205555442031393435206B6574696761206B616C69206469616D616E64656D656EE280A6222C2022636F72726563745F6465736372696265223A2022555544203139343520756E74756B206B6574696761206B616C696E79612064692D616D616E64656D656E20796169747520506173616C20312C20332C20362C2031312C2031372C2032332C2064616E2032342E227D2C207B22716964223A2022706B6E3032222C202274797065223A202231222C2022616E73776572223A205B7B22716964223A2022706B6E3032222C2022616E73776572223A202246616C73616661682064616E206461736172206E6567617261222C2022776569676874223A202230222C2022616E737765725F6964223A202237227D2C207B22716964223A2022706B6E3032222C2022616E73776572223A202253656D75612073616C6168222C2022776569676874223A202230222C2022616E737765725F6964223A20223137227D2C207B22716964223A2022706B6E3032222C2022616E73776572223A202250616E64616E67616E206869647570222C2022776569676874223A2022313030222C2022616E737765725F6964223A202236227D2C207B22716964223A2022706B6E3032222C2022616E73776572223A202253656D75612062656E6172222C2022776569676874223A202230222C2022616E737765725F6964223A20223136227D2C207B22716964223A2022706B6E3032222C2022616E73776572223A202253756D6265722068756B756D222C2022776569676874223A202230222C2022616E737765725F6964223A20223135227D5D2C202263617465676F7279223A202233222C20227175657374696F6E223A202250616E636173696C6120626167692062616E67736120496E646F6E65736961206D65727570616B616E222C2022636F72726563745F6465736372696265223A202250616E636173696C6120626167692062616E67736120496E646F6E65736961206D65727570616B616E2070616E64616E67616E2068696475702E227D2C207B22716964223A2022706B6E3036222C202274797065223A202231222C2022616E73776572223A205B7B22716964223A2022706B6E3036222C2022616E73776572223A202253696C61206B65656D706174222C2022776569676874223A202230222C2022616E737765725F6964223A20223238227D2C207B22716964223A2022706B6E3036222C2022616E73776572223A202253696C61206B656C696D61222C2022776569676874223A202230222C2022616E737765725F6964223A20223239227D2C207B22716964223A2022706B6E3036222C2022616E73776572223A202253696C612070657274616D61222C2022776569676874223A202230222C2022616E737765725F6964223A20223330227D2C207B22716964223A2022706B6E3036222C2022616E73776572223A202253696C61206B65647561222C2022776569676874223A2022313030222C2022616E737765725F6964223A20223236227D2C207B22716964223A2022706B6E3036222C2022616E73776572223A202253696C61206B6574696761222C2022776569676874223A202230222C2022616E737765725F6964223A20223237227D5D2C202263617465676F7279223A202233222C20227175657374696F6E223A2022487562756E67616E20736F7369616C2079616E672073656C617261732C207365726173692C207365696D62616E6720616E7461726120696E6469766964752064616E206D6173796172616B61742064696A69776169206F6C6568206E696C61692D6E696C61692050616E636173696C612C207961697475222C2022636F72726563745F6465736372696265223A2022487562756E67616E20736F7369616C2079616E672073656C617261732C207365726173692C207365696D62616E6720616E7461726120696E6469766964752064616E206D6173796172616B61742064696A69776169206F6C6568206E696C61692D6E696C61692050616E636173696C612C20796169747520706164612073696C61206B65647561227D5D',1,5,10,1,0,30,0,'2018-02-20 15:04:31',1,NULL,0,1,0),
	('tKOdv2Yz',X'5B7B22716964223A2022706B6E3036222C202274797065223A202231222C2022616E73776572223A205B7B22716964223A2022706B6E3036222C2022616E73776572223A202253696C61206B6574696761222C2022776569676874223A202230222C2022616E737765725F6964223A20223237227D2C207B22716964223A2022706B6E3036222C2022616E73776572223A202253696C61206B65647561222C2022776569676874223A2022313030222C2022616E737765725F6964223A20223236227D2C207B22716964223A2022706B6E3036222C2022616E73776572223A202253696C61206B65656D706174222C2022776569676874223A202230222C2022616E737765725F6964223A20223238227D2C207B22716964223A2022706B6E3036222C2022616E73776572223A202253696C612070657274616D61222C2022776569676874223A202230222C2022616E737765725F6964223A20223330227D2C207B22716964223A2022706B6E3036222C2022616E73776572223A202253696C61206B656C696D61222C2022776569676874223A202230222C2022616E737765725F6964223A20223239227D5D2C202263617465676F7279223A202233222C20227175657374696F6E223A2022487562756E67616E20736F7369616C2079616E672073656C617261732C207365726173692C207365696D62616E6720616E7461726120696E6469766964752064616E206D6173796172616B61742064696A69776169206F6C6568206E696C61692D6E696C61692050616E636173696C612C207961697475222C2022636F72726563745F6465736372696265223A2022487562756E67616E20736F7369616C2079616E672073656C617261732C207365726173692C207365696D62616E6720616E7461726120696E6469766964752064616E206D6173796172616B61742064696A69776169206F6C6568206E696C61692D6E696C61692050616E636173696C612C20796169747520706164612073696C61206B65647561227D2C207B22716964223A2022706B6E3033222C202274797065223A202231222C2022616E73776572223A205B7B22716964223A2022706B6E3033222C2022616E73776572223A202250696167616D204A616B61727461222C2022776569676874223A202230222C2022616E737765725F6964223A20223230227D2C207B22716964223A2022706B6E3033222C2022616E73776572223A202250726F6B6C616D61736920313720416775737475732031393435222C2022776569676874223A202230222C2022616E737765725F6964223A202239227D2C207B22716964223A2022706B6E3033222C2022616E73776572223A202250696461746F2042756E67204B61726E6F222C2022776569676874223A202230222C2022616E737765725F6964223A202238227D2C207B22716964223A2022706B6E3033222C2022616E73776572223A20224B697461622053757461736F6D61222C2022776569676874223A202230222C2022616E737765725F6964223A20223138227D2C207B22716964223A2022706B6E3033222C2022616E73776572223A202250656D62756B61616E205555442031393435222C2022776569676874223A202230222C2022616E737765725F6964223A20223139227D5D2C202263617465676F7279223A202233222C20227175657374696F6E223A202252756D7573616E2050616E636173696C612079616E67207265736D692074657264617061742064616C616D222C2022636F72726563745F6465736372696265223A202252756D7573616E2050616E636173696C612079616E67207265736D692074657264617061742064616C616D2050656D62756B61616E205555442031393435227D2C207B22716964223A2022706B6E3035222C202274797065223A202231222C2022616E73776572223A205B7B22716964223A2022706B6E3035222C2022616E73776572223A2022544150204D5052204E6F2E492F4D50522F31393833222C2022776569676874223A2022313030222C2022616E737765725F6964223A20223234227D2C207B22716964223A2022706B6E3035222C2022616E73776572223A20225555442031393435222C2022776569676874223A202230222C2022616E737765725F6964223A20223235227D2C207B22716964223A2022706B6E3035222C2022616E73776572223A2022544150204D5052205249222C2022776569676874223A202230222C2022616E737765725F6964223A20223231227D2C207B22716964223A2022706B6E3035222C2022616E73776572223A20225555204E6F2E3520546168756E2031393835222C2022776569676874223A202230222C2022616E737765725F6964223A20223233227D2C207B22716964223A2022706B6E3035222C2022616E73776572223A2022494E50524553204E6F2E313220546168756E2031393638222C2022776569676874223A202230222C2022616E737765725F6964223A20223232227D5D2C202263617465676F7279223A202233222C20227175657374696F6E223A2022546174612063617261206D656E67756361706B616E2050616E636173696C61207061646120757061636172612D75706163617261207265736D6920646974657461706B616E2070616461222C2022636F72726563745F6465736372696265223A2022546174612063617261206D656E67756361706B616E2050616E636173696C61207061646120757061636172612D75706163617261207265736D6920646974657461706B616E207061646120544150204D5052204E6F2E492F4D50522F31393833227D2C207B22716964223A2022706B6E3034222C202274797065223A202231222C2022616E73776572223A205B7B22716964223A2022706B6E3034222C2022616E73776572223A20224461736172206265726167616D61222C2022776569676874223A202230222C2022616E737765725F6964223A20223132227D2C207B22716964223A2022706B6E3034222C2022616E73776572223A20224461736172206E6567617261222C2022776569676874223A2022313030222C2022616E737765725F6964223A20223130227D2C207B22716964223A2022706B6E3034222C2022616E73776572223A20224461736172205065726A75616E67616E2062616E677361222C2022776569676874223A202230222C2022616E737765725F6964223A20223134227D2C207B22716964223A2022706B6E3034222C2022616E73776572223A20224461736172206B656E6567617261616E222C2022776569676874223A202230222C2022616E737765725F6964223A20223131227D2C207B22716964223A2022706B6E3034222C2022616E73776572223A20224461736172206B65746174616E6567617261616E222C2022776569676874223A202230222C2022616E737765725F6964223A20223133227D5D2C202263617465676F7279223A202233222C20227175657374696F6E223A202244616C616D206B656869647570616E206265726E65676172612C2050616E636173696C6120626572706572616E2073656261676169222C2022636F72726563745F6465736372696265223A2022342E2044616C616D206B656869647570616E206265726E65676172612C2050616E636173696C6120626572706572616E2073656261676169206461736172206E6567617261227D2C207B22716964223A2022706B6E3131222C202274797065223A202231222C2022616E73776572223A205B7B22716964223A2022706B6E3131222C2022616E73776572223A20223139204F6B746F6265722031393939222C2022776569676874223A2022313030222C2022616E737765725F6964223A20223531227D2C207B22716964223A2022706B6E3131222C2022616E73776572223A20223139204F6B746F6265722032303031222C2022776569676874223A202230222C2022616E737765725F6964223A20223533227D2C207B22716964223A2022706B6E3131222C2022616E73776572223A20223139204F6B746F6265722032303030222C2022776569676874223A202230222C2022616E737765725F6964223A20223532227D2C207B22716964223A2022706B6E3131222C2022616E73776572223A20223139204F6B746F6265722031393938222C2022776569676874223A202230222C2022616E737765725F6964223A20223534227D2C207B22716964223A2022706B6E3131222C2022616E73776572223A20223139204F6B746F6265722032303033222C2022776569676874223A202230222C2022616E737765725F6964223A20223535227D5D2C202263617465676F7279223A202233222C20227175657374696F6E223A20224B6170616E20616D616E64656D656E2055554420313934352070657274616D616B616C692064696C616B756B616E2E2E222C2022636F72726563745F6465736372696265223A2022556E74756B2070657274616D616B616C696E796120555544203139343520646920616D616E64656D656E2070616461203139204F6B746F6265722031393939227D2C207B22716964223A2022706B6E3039222C202274797065223A202231222C2022616E73776572223A205B7B22716964223A2022706B6E3039222C2022616E73776572223A2022506173616C2031382C2031392C2032302C2032322C2032352C2032362C2032372C2032382C2033302C2064616E2033352E222C2022776569676874223A202230222C2022616E737765725F6964223A20223431227D2C207B22716964223A2022706B6E3039222C2022616E73776572223A2022506173616C2031382C2031392C2032302C2032322C2032352C2032362C2032372C2032382C2033352C2064616E2033362E222C2022776569676874223A202230222C2022616E737765725F6964223A20223435227D2C207B22716964223A2022706B6E3039222C2022616E73776572223A2022506173616C2031382C2031392C2032302C2032322C2032352C2032362C2032372C2032382C2033302C2064616E2033382E222C2022776569676874223A202230222C2022616E737765725F6964223A20223434227D2C207B22716964223A2022706B6E3039222C2022616E73776572223A2022506173616C2031382C2031392C2032302C2032322C2032352C2032362C2032372C2032382C2033302C2064616E2033372E222C2022776569676874223A202230222C2022616E737765725F6964223A20223433227D2C207B22716964223A2022706B6E3039222C2022616E73776572223A2022506173616C2031382C2031392C2032302C2032322C2032352C2032362C2032372C2032382C2033302C2064616E2033362E222C2022776569676874223A2022313030222C2022616E737765725F6964223A20223432227D5D2C202263617465676F7279223A202233222C20227175657374696F6E223A2022506173616C206265726170612073616A61205555442031393435206B65647561206B616C69206469616D616E64656D656EE280A6222C2022636F72726563745F6465736372696265223A2022556E74756B206B65647561206B616C696E796120555544203139343520646920616D616E64656D656E206164616C616820506173616C2031382C2031392C2032302C2032322C2032352C2032362C2032372C2032382C2033302C2064616E2033362E227D2C207B22716964223A2022706B6E3130222C202274797065223A202231222C2022616E73776572223A205B7B22716964223A2022706B6E3130222C2022616E73776572223A2022506173616C20312C20332C20362C2031312C2031372C2032332C2064616E2032342E222C2022776569676874223A2022313030222C2022616E737765725F6964223A20223436227D2C207B22716964223A2022706B6E3130222C2022616E73776572223A2022506173616C20312C20332C20362C2031312C2031372C2032332C2064616E2032362E222C2022776569676874223A202230222C2022616E737765725F6964223A20223438227D2C207B22716964223A2022706B6E3130222C2022616E73776572223A2022506173616C20312C20332C20362C2031312C2031372C2032332C2064616E2032352E222C2022776569676874223A202230222C2022616E737765725F6964223A20223437227D2C207B22716964223A2022706B6E3130222C2022616E73776572223A2022506173616C20312C20332C20362C2031312C2031372C2032342C2064616E2032352E222C2022776569676874223A202230222C2022616E737765725F6964223A20223530227D2C207B22716964223A2022706B6E3130222C2022616E73776572223A2022506173616C20312C20332C20362C2031312C2031372C2032332C2064616E2032372E222C2022776569676874223A202230222C2022616E737765725F6964223A20223439227D5D2C202263617465676F7279223A202233222C20227175657374696F6E223A2022506173616C206265726170612073616A61205555442031393435206B6574696761206B616C69206469616D616E64656D656EE280A6222C2022636F72726563745F6465736372696265223A2022555544203139343520756E74756B206B6574696761206B616C696E79612064692D616D616E64656D656E20796169747520506173616C20312C20332C20362C2031312C2031372C2032332C2064616E2032342E227D2C207B22716964223A2022706B6E3038222C202274797065223A202231222C2022616E73776572223A205B7B22716964223A2022706B6E3038222C2022616E73776572223A2022506173616C20352C20372C20392C2031332C2031342C2031352C2031372C2032302064616E2032322E222C2022776569676874223A202230222C2022616E737765725F6964223A20223337227D2C207B22716964223A2022706B6E3038222C2022616E73776572223A2022506173616C20352C20372C20392C2031332C2031342C2031352C2031372C2032302064616E2032342E222C2022776569676874223A202230222C2022616E737765725F6964223A20223339227D2C207B22716964223A2022706B6E3038222C2022616E73776572223A2022506173616C20352C20372C20392C2031332C2031342C2031352C2031372C2032302064616E2032312E222C2022776569676874223A2022313030222C2022616E737765725F6964223A20223336227D2C207B22716964223A2022706B6E3038222C2022616E73776572223A2022506173616C20352C20372C20392C2031332C2031342C2031352C2031372C2032312064616E2032342E222C2022776569676874223A202230222C2022616E737765725F6964223A20223430227D2C207B22716964223A2022706B6E3038222C2022616E73776572223A2022506173616C20352C20372C20392C2031332C2031342C2031352C2031372C2032302064616E2032332E222C2022776569676874223A202230222C2022616E737765725F6964223A20223338227D5D2C202263617465676F7279223A202233222C20227175657374696F6E223A2022506173616C206265726170612073616A612055554420313934352070657274616D61206B616C692064692D616D616E64656D656EE280A6222C2022636F72726563745F6465736372696265223A2022506173616C2079616E672070657274616D61206B616C6920646920616D616E64656D656E206164616C616820506173616C20352C20372C20392C2031332C2031342C2031352C2031372C2032302064616E203231227D2C207B22716964223A2022706B6E3031222C202274797065223A202231222C2022616E73776572223A205B7B22716964223A2022706B6E3031222C2022616E73776572223A202248756B756D2074657274756C69732074657274696E67676920646920496E646F6E65736961222C2022776569676874223A202230222C2022616E737765725F6964223A202233227D2C207B22716964223A2022706B6E3031222C2022616E73776572223A2022536574696E676B61742064656E67616E205555442031393435222C2022776569676874223A202230222C2022616E737765725F6964223A202234227D2C207B22716964223A2022706B6E3031222C2022616E73776572223A202248756B756D20746964616B2074657274756C69732074657274696E67676920646920496E646F6E65736961222C2022776569676874223A202230222C2022616E737765725F6964223A202235227D2C207B22716964223A2022706B6E3031222C2022616E73776572223A202253756D626572206461726920736567616C612073756D6265722068756B756D222C2022776569676874223A2022313030222C2022616E737765725F6964223A202231227D2C207B22716964223A2022706B6E3031222C2022616E73776572223A202248756B756D2074657274696E67676920646920496E646F6E65736961222C2022776569676874223A202230222C2022616E737765725F6964223A202232227D5D2C202263617465676F7279223A202233222C20227175657374696F6E223A202244616C616D2073756D62657220746174612068756B756D20646920496E646F6E657369612C2050616E636173696C612064696A6164696B616E20736562616761693F222C2022636F72726563745F6465736372696265223A202244616C616D2073756D62657220746174612068756B756D20646920496E646F6E657369612C2050616E636173696C612064696A6164696B616E20736562616761692073756D626572206461726920736567616C612073756D6265722068756B756D227D2C207B22716964223A2022706B6E3037222C202274797065223A202231222C2022616E73776572223A205B7B22716964223A2022706B6E3037222C2022616E73776572223A202231204B616C69222C2022776569676874223A202230222C2022616E737765725F6964223A20223331227D2C207B22716964223A2022706B6E3037222C2022616E73776572223A202232204B616C69222C2022776569676874223A202230222C2022616E737765725F6964223A20223332227D2C207B22716964223A2022706B6E3037222C2022616E73776572223A202233204B616C69222C2022776569676874223A202230222C2022616E737765725F6964223A20223333227D2C207B22716964223A2022706B6E3037222C2022616E73776572223A202234204B616C69222C2022776569676874223A2022313030222C2022616E737765725F6964223A20223334227D2C207B22716964223A2022706B6E3037222C2022616E73776572223A202235204B616C69222C2022776569676874223A202230222C2022616E737765725F6964223A20223335227D5D2C202263617465676F7279223A202233222C20227175657374696F6E223A2022426572617061206B616C692055554420313934352064692D616D616E64656D656E2E2E2E222C2022636F72726563745F6465736372696265223A202255554420313934352074656C61682064692D616D616E64656D656E20736562616E79616B2034206B616C69227D5D',1,5,10,1,0,30,0,'2018-02-20 15:47:57',1,NULL,0,1,0),
	('BM3PbZ2z',X'5B7B22716964223A2022706B6E3035222C202274797065223A202231222C2022616E73776572223A205B7B22716964223A2022706B6E3035222C2022616E73776572223A2022544150204D5052205249222C2022776569676874223A202230222C2022616E737765725F6964223A20223231227D2C207B22716964223A2022706B6E3035222C2022616E73776572223A20225555442031393435222C2022776569676874223A202230222C2022616E737765725F6964223A20223235227D2C207B22716964223A2022706B6E3035222C2022616E73776572223A20225555204E6F2E3520546168756E2031393835222C2022776569676874223A202230222C2022616E737765725F6964223A20223233227D2C207B22716964223A2022706B6E3035222C2022616E73776572223A2022494E50524553204E6F2E313220546168756E2031393638222C2022776569676874223A202230222C2022616E737765725F6964223A20223232227D2C207B22716964223A2022706B6E3035222C2022616E73776572223A2022544150204D5052204E6F2E492F4D50522F31393833222C2022776569676874223A2022313030222C2022616E737765725F6964223A20223234227D5D2C202263617465676F7279223A202233222C20227175657374696F6E223A2022546174612063617261206D656E67756361706B616E2050616E636173696C61207061646120757061636172612D75706163617261207265736D6920646974657461706B616E2070616461222C2022636F72726563745F6465736372696265223A2022546174612063617261206D656E67756361706B616E2050616E636173696C61207061646120757061636172612D75706163617261207265736D6920646974657461706B616E207061646120544150204D5052204E6F2E492F4D50522F31393833227D2C207B22716964223A2022706B6E3039222C202274797065223A202231222C2022616E73776572223A205B7B22716964223A2022706B6E3039222C2022616E73776572223A2022506173616C2031382C2031392C2032302C2032322C2032352C2032362C2032372C2032382C2033302C2064616E2033352E222C2022776569676874223A202230222C2022616E737765725F6964223A20223431227D2C207B22716964223A2022706B6E3039222C2022616E73776572223A2022506173616C2031382C2031392C2032302C2032322C2032352C2032362C2032372C2032382C2033352C2064616E2033362E222C2022776569676874223A202230222C2022616E737765725F6964223A20223435227D2C207B22716964223A2022706B6E3039222C2022616E73776572223A2022506173616C2031382C2031392C2032302C2032322C2032352C2032362C2032372C2032382C2033302C2064616E2033362E222C2022776569676874223A2022313030222C2022616E737765725F6964223A20223432227D2C207B22716964223A2022706B6E3039222C2022616E73776572223A2022506173616C2031382C2031392C2032302C2032322C2032352C2032362C2032372C2032382C2033302C2064616E2033372E222C2022776569676874223A202230222C2022616E737765725F6964223A20223433227D2C207B22716964223A2022706B6E3039222C2022616E73776572223A2022506173616C2031382C2031392C2032302C2032322C2032352C2032362C2032372C2032382C2033302C2064616E2033382E222C2022776569676874223A202230222C2022616E737765725F6964223A20223434227D5D2C202263617465676F7279223A202233222C20227175657374696F6E223A2022506173616C206265726170612073616A61205555442031393435206B65647561206B616C69206469616D616E64656D656EE280A6222C2022636F72726563745F6465736372696265223A2022556E74756B206B65647561206B616C696E796120555544203139343520646920616D616E64656D656E206164616C616820506173616C2031382C2031392C2032302C2032322C2032352C2032362C2032372C2032382C2033302C2064616E2033362E227D2C207B22716964223A2022706B6E3130222C202274797065223A202231222C2022616E73776572223A205B7B22716964223A2022706B6E3130222C2022616E73776572223A2022506173616C20312C20332C20362C2031312C2031372C2032332C2064616E2032352E222C2022776569676874223A202230222C2022616E737765725F6964223A20223437227D2C207B22716964223A2022706B6E3130222C2022616E73776572223A2022506173616C20312C20332C20362C2031312C2031372C2032332C2064616E2032372E222C2022776569676874223A202230222C2022616E737765725F6964223A20223439227D2C207B22716964223A2022706B6E3130222C2022616E73776572223A2022506173616C20312C20332C20362C2031312C2031372C2032332C2064616E2032362E222C2022776569676874223A202230222C2022616E737765725F6964223A20223438227D2C207B22716964223A2022706B6E3130222C2022616E73776572223A2022506173616C20312C20332C20362C2031312C2031372C2032332C2064616E2032342E222C2022776569676874223A2022313030222C2022616E737765725F6964223A20223436227D2C207B22716964223A2022706B6E3130222C2022616E73776572223A2022506173616C20312C20332C20362C2031312C2031372C2032342C2064616E2032352E222C2022776569676874223A202230222C2022616E737765725F6964223A20223530227D5D2C202263617465676F7279223A202233222C20227175657374696F6E223A2022506173616C206265726170612073616A61205555442031393435206B6574696761206B616C69206469616D616E64656D656EE280A6222C2022636F72726563745F6465736372696265223A2022555544203139343520756E74756B206B6574696761206B616C696E79612064692D616D616E64656D656E20796169747520506173616C20312C20332C20362C2031312C2031372C2032332C2064616E2032342E227D2C207B22716964223A2022706B6E3031222C202274797065223A202231222C2022616E73776572223A205B7B22716964223A2022706B6E3031222C2022616E73776572223A202248756B756D2074657274756C69732074657274696E67676920646920496E646F6E65736961222C2022776569676874223A202230222C2022616E737765725F6964223A202233227D2C207B22716964223A2022706B6E3031222C2022616E73776572223A202253756D626572206461726920736567616C612073756D6265722068756B756D222C2022776569676874223A2022313030222C2022616E737765725F6964223A202231227D2C207B22716964223A2022706B6E3031222C2022616E73776572223A2022536574696E676B61742064656E67616E205555442031393435222C2022776569676874223A202230222C2022616E737765725F6964223A202234227D2C207B22716964223A2022706B6E3031222C2022616E73776572223A202248756B756D20746964616B2074657274756C69732074657274696E67676920646920496E646F6E65736961222C2022776569676874223A202230222C2022616E737765725F6964223A202235227D2C207B22716964223A2022706B6E3031222C2022616E73776572223A202248756B756D2074657274696E67676920646920496E646F6E65736961222C2022776569676874223A202230222C2022616E737765725F6964223A202232227D5D2C202263617465676F7279223A202233222C20227175657374696F6E223A202244616C616D2073756D62657220746174612068756B756D20646920496E646F6E657369612C2050616E636173696C612064696A6164696B616E20736562616761693F222C2022636F72726563745F6465736372696265223A202244616C616D2073756D62657220746174612068756B756D20646920496E646F6E657369612C2050616E636173696C612064696A6164696B616E20736562616761692073756D626572206461726920736567616C612073756D6265722068756B756D227D2C207B22716964223A2022706B6E3037222C202274797065223A202231222C2022616E73776572223A205B7B22716964223A2022706B6E3037222C2022616E73776572223A202232204B616C69222C2022776569676874223A202230222C2022616E737765725F6964223A20223332227D2C207B22716964223A2022706B6E3037222C2022616E73776572223A202235204B616C69222C2022776569676874223A202230222C2022616E737765725F6964223A20223335227D2C207B22716964223A2022706B6E3037222C2022616E73776572223A202234204B616C69222C2022776569676874223A2022313030222C2022616E737765725F6964223A20223334227D2C207B22716964223A2022706B6E3037222C2022616E73776572223A202231204B616C69222C2022776569676874223A202230222C2022616E737765725F6964223A20223331227D2C207B22716964223A2022706B6E3037222C2022616E73776572223A202233204B616C69222C2022776569676874223A202230222C2022616E737765725F6964223A20223333227D5D2C202263617465676F7279223A202233222C20227175657374696F6E223A2022426572617061206B616C692055554420313934352064692D616D616E64656D656E2E2E2E222C2022636F72726563745F6465736372696265223A202255554420313934352074656C61682064692D616D616E64656D656E20736562616E79616B2034206B616C69227D2C207B22716964223A2022706B6E3038222C202274797065223A202231222C2022616E73776572223A205B7B22716964223A2022706B6E3038222C2022616E73776572223A2022506173616C20352C20372C20392C2031332C2031342C2031352C2031372C2032302064616E2032342E222C2022776569676874223A202230222C2022616E737765725F6964223A20223339227D2C207B22716964223A2022706B6E3038222C2022616E73776572223A2022506173616C20352C20372C20392C2031332C2031342C2031352C2031372C2032302064616E2032312E222C2022776569676874223A2022313030222C2022616E737765725F6964223A20223336227D2C207B22716964223A2022706B6E3038222C2022616E73776572223A2022506173616C20352C20372C20392C2031332C2031342C2031352C2031372C2032302064616E2032332E222C2022776569676874223A202230222C2022616E737765725F6964223A20223338227D2C207B22716964223A2022706B6E3038222C2022616E73776572223A2022506173616C20352C20372C20392C2031332C2031342C2031352C2031372C2032302064616E2032322E222C2022776569676874223A202230222C2022616E737765725F6964223A20223337227D2C207B22716964223A2022706B6E3038222C2022616E73776572223A2022506173616C20352C20372C20392C2031332C2031342C2031352C2031372C2032312064616E2032342E222C2022776569676874223A202230222C2022616E737765725F6964223A20223430227D5D2C202263617465676F7279223A202233222C20227175657374696F6E223A2022506173616C206265726170612073616A612055554420313934352070657274616D61206B616C692064692D616D616E64656D656EE280A6222C2022636F72726563745F6465736372696265223A2022506173616C2079616E672070657274616D61206B616C6920646920616D616E64656D656E206164616C616820506173616C20352C20372C20392C2031332C2031342C2031352C2031372C2032302064616E203231227D2C207B22716964223A2022706B6E3033222C202274797065223A202231222C2022616E73776572223A205B7B22716964223A2022706B6E3033222C2022616E73776572223A202250696461746F2042756E67204B61726E6F222C2022776569676874223A202230222C2022616E737765725F6964223A202238227D2C207B22716964223A2022706B6E3033222C2022616E73776572223A202250726F6B6C616D61736920313720416775737475732031393435222C2022776569676874223A202230222C2022616E737765725F6964223A202239227D2C207B22716964223A2022706B6E3033222C2022616E73776572223A202250656D62756B61616E205555442031393435222C2022776569676874223A202230222C2022616E737765725F6964223A20223139227D2C207B22716964223A2022706B6E3033222C2022616E73776572223A202250696167616D204A616B61727461222C2022776569676874223A202230222C2022616E737765725F6964223A20223230227D2C207B22716964223A2022706B6E3033222C2022616E73776572223A20224B697461622053757461736F6D61222C2022776569676874223A202230222C2022616E737765725F6964223A20223138227D5D2C202263617465676F7279223A202233222C20227175657374696F6E223A202252756D7573616E2050616E636173696C612079616E67207265736D692074657264617061742064616C616D222C2022636F72726563745F6465736372696265223A202252756D7573616E2050616E636173696C612079616E67207265736D692074657264617061742064616C616D2050656D62756B61616E205555442031393435227D2C207B22716964223A2022706B6E3036222C202274797065223A202231222C2022616E73776572223A205B7B22716964223A2022706B6E3036222C2022616E73776572223A202253696C61206B65647561222C2022776569676874223A2022313030222C2022616E737765725F6964223A20223236227D2C207B22716964223A2022706B6E3036222C2022616E73776572223A202253696C61206B6574696761222C2022776569676874223A202230222C2022616E737765725F6964223A20223237227D2C207B22716964223A2022706B6E3036222C2022616E73776572223A202253696C612070657274616D61222C2022776569676874223A202230222C2022616E737765725F6964223A20223330227D2C207B22716964223A2022706B6E3036222C2022616E73776572223A202253696C61206B656C696D61222C2022776569676874223A202230222C2022616E737765725F6964223A20223239227D2C207B22716964223A2022706B6E3036222C2022616E73776572223A202253696C61206B65656D706174222C2022776569676874223A202230222C2022616E737765725F6964223A20223238227D5D2C202263617465676F7279223A202233222C20227175657374696F6E223A2022487562756E67616E20736F7369616C2079616E672073656C617261732C207365726173692C207365696D62616E6720616E7461726120696E6469766964752064616E206D6173796172616B61742064696A69776169206F6C6568206E696C61692D6E696C61692050616E636173696C612C207961697475222C2022636F72726563745F6465736372696265223A2022487562756E67616E20736F7369616C2079616E672073656C617261732C207365726173692C207365696D62616E6720616E7461726120696E6469766964752064616E206D6173796172616B61742064696A69776169206F6C6568206E696C61692D6E696C61692050616E636173696C612C20796169747520706164612073696C61206B65647561227D2C207B22716964223A2022706B6E3032222C202274797065223A202231222C2022616E73776572223A205B7B22716964223A2022706B6E3032222C2022616E73776572223A202253756D6265722068756B756D222C2022776569676874223A202230222C2022616E737765725F6964223A20223135227D2C207B22716964223A2022706B6E3032222C2022616E73776572223A202253656D75612073616C6168222C2022776569676874223A202230222C2022616E737765725F6964223A20223137227D2C207B22716964223A2022706B6E3032222C2022616E73776572223A202250616E64616E67616E206869647570222C2022776569676874223A2022313030222C2022616E737765725F6964223A202236227D2C207B22716964223A2022706B6E3032222C2022616E73776572223A202253656D75612062656E6172222C2022776569676874223A202230222C2022616E737765725F6964223A20223136227D2C207B22716964223A2022706B6E3032222C2022616E73776572223A202246616C73616661682064616E206461736172206E6567617261222C2022776569676874223A202230222C2022616E737765725F6964223A202237227D5D2C202263617465676F7279223A202233222C20227175657374696F6E223A202250616E636173696C6120626167692062616E67736120496E646F6E65736961206D65727570616B616E222C2022636F72726563745F6465736372696265223A202250616E636173696C6120626167692062616E67736120496E646F6E65736961206D65727570616B616E2070616E64616E67616E2068696475702E227D2C207B22716964223A2022706B6E3131222C202274797065223A202231222C2022616E73776572223A205B7B22716964223A2022706B6E3131222C2022616E73776572223A20223139204F6B746F6265722031393939222C2022776569676874223A2022313030222C2022616E737765725F6964223A20223531227D2C207B22716964223A2022706B6E3131222C2022616E73776572223A20223139204F6B746F6265722031393938222C2022776569676874223A202230222C2022616E737765725F6964223A20223534227D2C207B22716964223A2022706B6E3131222C2022616E73776572223A20223139204F6B746F6265722032303033222C2022776569676874223A202230222C2022616E737765725F6964223A20223535227D2C207B22716964223A2022706B6E3131222C2022616E73776572223A20223139204F6B746F6265722032303030222C2022776569676874223A202230222C2022616E737765725F6964223A20223532227D2C207B22716964223A2022706B6E3131222C2022616E73776572223A20223139204F6B746F6265722032303031222C2022776569676874223A202230222C2022616E737765725F6964223A20223533227D5D2C202263617465676F7279223A202233222C20227175657374696F6E223A20224B6170616E20616D616E64656D656E2055554420313934352070657274616D616B616C692064696C616B756B616E2E2E222C2022636F72726563745F6465736372696265223A2022556E74756B2070657274616D616B616C696E796120555544203139343520646920616D616E64656D656E2070616461203139204F6B746F6265722031393939227D5D',1,5,10,1,0,30,0,'2018-02-20 17:51:29',1,NULL,0,1,0),
	('tnglhOPQ',X'5B7B22716964223A2022706B6E3031222C202274797065223A202231222C2022616E73776572223A205B7B22716964223A2022706B6E3031222C2022616E73776572223A202248756B756D20746964616B2074657274756C69732074657274696E67676920646920496E646F6E65736961222C2022776569676874223A202230222C2022616E737765725F6964223A202235227D2C207B22716964223A2022706B6E3031222C2022616E73776572223A2022536574696E676B61742064656E67616E205555442031393435222C2022776569676874223A202230222C2022616E737765725F6964223A202234227D2C207B22716964223A2022706B6E3031222C2022616E73776572223A202248756B756D2074657274696E67676920646920496E646F6E65736961222C2022776569676874223A202230222C2022616E737765725F6964223A202232227D2C207B22716964223A2022706B6E3031222C2022616E73776572223A202253756D626572206461726920736567616C612073756D6265722068756B756D222C2022776569676874223A2022313030222C2022616E737765725F6964223A202231227D2C207B22716964223A2022706B6E3031222C2022616E73776572223A202248756B756D2074657274756C69732074657274696E67676920646920496E646F6E65736961222C2022776569676874223A202230222C2022616E737765725F6964223A202233227D5D2C202263617465676F7279223A202233222C20227175657374696F6E223A202244616C616D2073756D62657220746174612068756B756D20646920496E646F6E657369612C2050616E636173696C612064696A6164696B616E20736562616761693F222C2022636F72726563745F6465736372696265223A202244616C616D2073756D62657220746174612068756B756D20646920496E646F6E657369612C2050616E636173696C612064696A6164696B616E20736562616761692073756D626572206461726920736567616C612073756D6265722068756B756D227D2C207B22716964223A2022706B6E3035222C202274797065223A202231222C2022616E73776572223A205B7B22716964223A2022706B6E3035222C2022616E73776572223A20225555204E6F2E3520546168756E2031393835222C2022776569676874223A202230222C2022616E737765725F6964223A20223233227D2C207B22716964223A2022706B6E3035222C2022616E73776572223A2022494E50524553204E6F2E313220546168756E2031393638222C2022776569676874223A202230222C2022616E737765725F6964223A20223232227D2C207B22716964223A2022706B6E3035222C2022616E73776572223A20225555442031393435222C2022776569676874223A202230222C2022616E737765725F6964223A20223235227D2C207B22716964223A2022706B6E3035222C2022616E73776572223A2022544150204D5052205249222C2022776569676874223A202230222C2022616E737765725F6964223A20223231227D2C207B22716964223A2022706B6E3035222C2022616E73776572223A2022544150204D5052204E6F2E492F4D50522F31393833222C2022776569676874223A2022313030222C2022616E737765725F6964223A20223234227D5D2C202263617465676F7279223A202233222C20227175657374696F6E223A2022546174612063617261206D656E67756361706B616E2050616E636173696C61207061646120757061636172612D75706163617261207265736D6920646974657461706B616E2070616461222C2022636F72726563745F6465736372696265223A2022546174612063617261206D656E67756361706B616E2050616E636173696C61207061646120757061636172612D75706163617261207265736D6920646974657461706B616E207061646120544150204D5052204E6F2E492F4D50522F31393833227D2C207B22716964223A2022706B6E3036222C202274797065223A202231222C2022616E73776572223A205B7B22716964223A2022706B6E3036222C2022616E73776572223A202253696C61206B656C696D61222C2022776569676874223A202230222C2022616E737765725F6964223A20223239227D2C207B22716964223A2022706B6E3036222C2022616E73776572223A202253696C61206B65656D706174222C2022776569676874223A202230222C2022616E737765725F6964223A20223238227D2C207B22716964223A2022706B6E3036222C2022616E73776572223A202253696C61206B6574696761222C2022776569676874223A202230222C2022616E737765725F6964223A20223237227D2C207B22716964223A2022706B6E3036222C2022616E73776572223A202253696C61206B65647561222C2022776569676874223A2022313030222C2022616E737765725F6964223A20223236227D2C207B22716964223A2022706B6E3036222C2022616E73776572223A202253696C612070657274616D61222C2022776569676874223A202230222C2022616E737765725F6964223A20223330227D5D2C202263617465676F7279223A202233222C20227175657374696F6E223A2022487562756E67616E20736F7369616C2079616E672073656C617261732C207365726173692C207365696D62616E6720616E7461726120696E6469766964752064616E206D6173796172616B61742064696A69776169206F6C6568206E696C61692D6E696C61692050616E636173696C612C207961697475222C2022636F72726563745F6465736372696265223A2022487562756E67616E20736F7369616C2079616E672073656C617261732C207365726173692C207365696D62616E6720616E7461726120696E6469766964752064616E206D6173796172616B61742064696A69776169206F6C6568206E696C61692D6E696C61692050616E636173696C612C20796169747520706164612073696C61206B65647561227D2C207B22716964223A2022706B6E3037222C202274797065223A202231222C2022616E73776572223A205B7B22716964223A2022706B6E3037222C2022616E73776572223A202233204B616C69222C2022776569676874223A202230222C2022616E737765725F6964223A20223333227D2C207B22716964223A2022706B6E3037222C2022616E73776572223A202234204B616C69222C2022776569676874223A2022313030222C2022616E737765725F6964223A20223334227D2C207B22716964223A2022706B6E3037222C2022616E73776572223A202231204B616C69222C2022776569676874223A202230222C2022616E737765725F6964223A20223331227D2C207B22716964223A2022706B6E3037222C2022616E73776572223A202235204B616C69222C2022776569676874223A202230222C2022616E737765725F6964223A20223335227D2C207B22716964223A2022706B6E3037222C2022616E73776572223A202232204B616C69222C2022776569676874223A202230222C2022616E737765725F6964223A20223332227D5D2C202263617465676F7279223A202233222C20227175657374696F6E223A2022426572617061206B616C692055554420313934352064692D616D616E64656D656E2E2E2E222C2022636F72726563745F6465736372696265223A202255554420313934352074656C61682064692D616D616E64656D656E20736562616E79616B2034206B616C69227D2C207B22716964223A2022706B6E3130222C202274797065223A202231222C2022616E73776572223A205B7B22716964223A2022706B6E3130222C2022616E73776572223A2022506173616C20312C20332C20362C2031312C2031372C2032342C2064616E2032352E222C2022776569676874223A202230222C2022616E737765725F6964223A20223530227D2C207B22716964223A2022706B6E3130222C2022616E73776572223A2022506173616C20312C20332C20362C2031312C2031372C2032332C2064616E2032352E222C2022776569676874223A202230222C2022616E737765725F6964223A20223437227D2C207B22716964223A2022706B6E3130222C2022616E73776572223A2022506173616C20312C20332C20362C2031312C2031372C2032332C2064616E2032342E222C2022776569676874223A2022313030222C2022616E737765725F6964223A20223436227D2C207B22716964223A2022706B6E3130222C2022616E73776572223A2022506173616C20312C20332C20362C2031312C2031372C2032332C2064616E2032372E222C2022776569676874223A202230222C2022616E737765725F6964223A20223439227D2C207B22716964223A2022706B6E3130222C2022616E73776572223A2022506173616C20312C20332C20362C2031312C2031372C2032332C2064616E2032362E222C2022776569676874223A202230222C2022616E737765725F6964223A20223438227D5D2C202263617465676F7279223A202233222C20227175657374696F6E223A2022506173616C206265726170612073616A61205555442031393435206B6574696761206B616C69206469616D616E64656D656EE280A6222C2022636F72726563745F6465736372696265223A2022555544203139343520756E74756B206B6574696761206B616C696E79612064692D616D616E64656D656E20796169747520506173616C20312C20332C20362C2031312C2031372C2032332C2064616E2032342E227D2C207B22716964223A2022706B6E3033222C202274797065223A202231222C2022616E73776572223A205B7B22716964223A2022706B6E3033222C2022616E73776572223A20224B697461622053757461736F6D61222C2022776569676874223A202230222C2022616E737765725F6964223A20223138227D2C207B22716964223A2022706B6E3033222C2022616E73776572223A202250726F6B6C616D61736920313720416775737475732031393435222C2022776569676874223A202230222C2022616E737765725F6964223A202239227D2C207B22716964223A2022706B6E3033222C2022616E73776572223A202250696167616D204A616B61727461222C2022776569676874223A202230222C2022616E737765725F6964223A20223230227D2C207B22716964223A2022706B6E3033222C2022616E73776572223A202250656D62756B61616E205555442031393435222C2022776569676874223A202230222C2022616E737765725F6964223A20223139227D2C207B22716964223A2022706B6E3033222C2022616E73776572223A202250696461746F2042756E67204B61726E6F222C2022776569676874223A202230222C2022616E737765725F6964223A202238227D5D2C202263617465676F7279223A202233222C20227175657374696F6E223A202252756D7573616E2050616E636173696C612079616E67207265736D692074657264617061742064616C616D222C2022636F72726563745F6465736372696265223A202252756D7573616E2050616E636173696C612079616E67207265736D692074657264617061742064616C616D2050656D62756B61616E205555442031393435227D2C207B22716964223A2022706B6E3038222C202274797065223A202231222C2022616E73776572223A205B7B22716964223A2022706B6E3038222C2022616E73776572223A2022506173616C20352C20372C20392C2031332C2031342C2031352C2031372C2032302064616E2032342E222C2022776569676874223A202230222C2022616E737765725F6964223A20223339227D2C207B22716964223A2022706B6E3038222C2022616E73776572223A2022506173616C20352C20372C20392C2031332C2031342C2031352C2031372C2032302064616E2032322E222C2022776569676874223A202230222C2022616E737765725F6964223A20223337227D2C207B22716964223A2022706B6E3038222C2022616E73776572223A2022506173616C20352C20372C20392C2031332C2031342C2031352C2031372C2032302064616E2032312E222C2022776569676874223A2022313030222C2022616E737765725F6964223A20223336227D2C207B22716964223A2022706B6E3038222C2022616E73776572223A2022506173616C20352C20372C20392C2031332C2031342C2031352C2031372C2032312064616E2032342E222C2022776569676874223A202230222C2022616E737765725F6964223A20223430227D2C207B22716964223A2022706B6E3038222C2022616E73776572223A2022506173616C20352C20372C20392C2031332C2031342C2031352C2031372C2032302064616E2032332E222C2022776569676874223A202230222C2022616E737765725F6964223A20223338227D5D2C202263617465676F7279223A202233222C20227175657374696F6E223A2022506173616C206265726170612073616A612055554420313934352070657274616D61206B616C692064692D616D616E64656D656EE280A6222C2022636F72726563745F6465736372696265223A2022506173616C2079616E672070657274616D61206B616C6920646920616D616E64656D656E206164616C616820506173616C20352C20372C20392C2031332C2031342C2031352C2031372C2032302064616E203231227D2C207B22716964223A2022706B6E3032222C202274797065223A202231222C2022616E73776572223A205B7B22716964223A2022706B6E3032222C2022616E73776572223A202253656D75612073616C6168222C2022776569676874223A202230222C2022616E737765725F6964223A20223137227D2C207B22716964223A2022706B6E3032222C2022616E73776572223A202250616E64616E67616E206869647570222C2022776569676874223A2022313030222C2022616E737765725F6964223A202236227D2C207B22716964223A2022706B6E3032222C2022616E73776572223A202246616C73616661682064616E206461736172206E6567617261222C2022776569676874223A202230222C2022616E737765725F6964223A202237227D2C207B22716964223A2022706B6E3032222C2022616E73776572223A202253756D6265722068756B756D222C2022776569676874223A202230222C2022616E737765725F6964223A20223135227D2C207B22716964223A2022706B6E3032222C2022616E73776572223A202253656D75612062656E6172222C2022776569676874223A202230222C2022616E737765725F6964223A20223136227D5D2C202263617465676F7279223A202233222C20227175657374696F6E223A202250616E636173696C6120626167692062616E67736120496E646F6E65736961206D65727570616B616E222C2022636F72726563745F6465736372696265223A202250616E636173696C6120626167692062616E67736120496E646F6E65736961206D65727570616B616E2070616E64616E67616E2068696475702E227D2C207B22716964223A2022706B6E3034222C202274797065223A202231222C2022616E73776572223A205B7B22716964223A2022706B6E3034222C2022616E73776572223A20224461736172206E6567617261222C2022776569676874223A2022313030222C2022616E737765725F6964223A20223130227D2C207B22716964223A2022706B6E3034222C2022616E73776572223A20224461736172205065726A75616E67616E2062616E677361222C2022776569676874223A202230222C2022616E737765725F6964223A20223134227D2C207B22716964223A2022706B6E3034222C2022616E73776572223A20224461736172206265726167616D61222C2022776569676874223A202230222C2022616E737765725F6964223A20223132227D2C207B22716964223A2022706B6E3034222C2022616E73776572223A20224461736172206B65746174616E6567617261616E222C2022776569676874223A202230222C2022616E737765725F6964223A20223133227D2C207B22716964223A2022706B6E3034222C2022616E73776572223A20224461736172206B656E6567617261616E222C2022776569676874223A202230222C2022616E737765725F6964223A20223131227D5D2C202263617465676F7279223A202233222C20227175657374696F6E223A202244616C616D206B656869647570616E206265726E65676172612C2050616E636173696C6120626572706572616E2073656261676169222C2022636F72726563745F6465736372696265223A2022342E2044616C616D206B656869647570616E206265726E65676172612C2050616E636173696C6120626572706572616E2073656261676169206461736172206E6567617261227D2C207B22716964223A2022706B6E3039222C202274797065223A202231222C2022616E73776572223A205B7B22716964223A2022706B6E3039222C2022616E73776572223A2022506173616C2031382C2031392C2032302C2032322C2032352C2032362C2032372C2032382C2033302C2064616E2033382E222C2022776569676874223A202230222C2022616E737765725F6964223A20223434227D2C207B22716964223A2022706B6E3039222C2022616E73776572223A2022506173616C2031382C2031392C2032302C2032322C2032352C2032362C2032372C2032382C2033302C2064616E2033372E222C2022776569676874223A202230222C2022616E737765725F6964223A20223433227D2C207B22716964223A2022706B6E3039222C2022616E73776572223A2022506173616C2031382C2031392C2032302C2032322C2032352C2032362C2032372C2032382C2033352C2064616E2033362E222C2022776569676874223A202230222C2022616E737765725F6964223A20223435227D2C207B22716964223A2022706B6E3039222C2022616E73776572223A2022506173616C2031382C2031392C2032302C2032322C2032352C2032362C2032372C2032382C2033302C2064616E2033362E222C2022776569676874223A2022313030222C2022616E737765725F6964223A20223432227D2C207B22716964223A2022706B6E3039222C2022616E73776572223A2022506173616C2031382C2031392C2032302C2032322C2032352C2032362C2032372C2032382C2033302C2064616E2033352E222C2022776569676874223A202230222C2022616E737765725F6964223A20223431227D5D2C202263617465676F7279223A202233222C20227175657374696F6E223A2022506173616C206265726170612073616A61205555442031393435206B65647561206B616C69206469616D616E64656D656EE280A6222C2022636F72726563745F6465736372696265223A2022556E74756B206B65647561206B616C696E796120555544203139343520646920616D616E64656D656E206164616C616820506173616C2031382C2031392C2032302C2032322C2032352C2032362C2032372C2032382C2033302C2064616E2033362E227D5D',1,5,10,1,0,30,0,'2018-02-20 17:53:11',1,NULL,0,1,0);

/*!40000 ALTER TABLE `tbl_generated_question` ENABLE KEYS */;
UNLOCK TABLES;


# Dump of table tbl_question_bank_answer
# ------------------------------------------------------------

DROP TABLE IF EXISTS `tbl_question_bank_answer`;

CREATE TABLE `tbl_question_bank_answer` (
  `answer_id` int(11) NOT NULL AUTO_INCREMENT,
  `qid` varchar(8) NOT NULL,
  `answer` text NOT NULL,
  `weight` double NOT NULL,
  `created_at` datetime NOT NULL DEFAULT CURRENT_TIMESTAMP,
  `created_by` int(11) NOT NULL,
  `updated_at` datetime DEFAULT NULL ON UPDATE CURRENT_TIMESTAMP,
  `updated_by` int(11) DEFAULT NULL,
  `status` tinyint(4) NOT NULL DEFAULT '1',
  `is_deleted` tinyint(4) NOT NULL DEFAULT '0',
  PRIMARY KEY (`answer_id`)
) ENGINE=InnoDB DEFAULT CHARSET=latin1;

LOCK TABLES `tbl_question_bank_answer` WRITE;
/*!40000 ALTER TABLE `tbl_question_bank_answer` DISABLE KEYS */;

INSERT INTO `tbl_question_bank_answer` (`answer_id`, `qid`, `answer`, `weight`, `created_at`, `created_by`, `updated_at`, `updated_by`, `status`, `is_deleted`)
VALUES
	(1,'pkn01','Sumber dari segala sumber hukum',100,'2018-02-15 16:20:41',1,'2018-02-15 17:37:39',1,1,0),
	(2,'pkn01','Hukum tertinggi di Indonesia',0,'2018-02-15 16:20:41',1,'2018-02-15 17:37:39',1,1,0),
	(3,'pkn01','Hukum tertulis tertinggi di Indonesia',0,'2018-02-15 16:20:41',1,'2018-02-15 17:37:39',1,1,0),
	(4,'pkn01','Setingkat dengan UUD 1945',0,'2018-02-15 16:20:41',1,'2018-02-15 17:37:39',1,1,0),
	(5,'pkn01','Hukum tidak tertulis tertinggi di Indonesia',0,'2018-02-15 16:20:41',1,'2018-02-15 17:37:39',1,1,0),
	(6,'pkn02','Pandangan hidup',100,'2018-02-15 16:57:26',1,'2018-02-15 17:37:51',1,1,0),
	(7,'pkn02','Falsafah dan dasar negara',0,'2018-02-15 16:57:26',1,'2018-02-15 17:37:51',1,1,0),
	(8,'pkn03','Pidato Bung Karno',0,'2018-02-15 17:11:07',1,'2018-02-15 17:37:58',1,1,0),
	(9,'pkn03','Proklamasi 17 Agustus 1945',0,'2018-02-15 17:11:07',1,'2018-02-15 17:37:58',1,1,0),
	(10,'pkn04','Dasar negara',100,'2018-02-15 17:25:36',1,'2018-02-15 17:38:03',1,1,0),
	(11,'pkn04','Dasar kenegaraan',0,'2018-02-15 17:25:36',1,'2018-02-15 17:38:03',1,1,0),
	(12,'pkn04','Dasar beragama',0,'2018-02-15 17:25:36',1,'2018-02-15 17:38:03',1,1,0),
	(13,'pkn04','Dasar ketatanegaraan',0,'2018-02-15 17:25:36',1,'2018-02-15 17:38:03',1,1,0),
	(14,'pkn04','Dasar Perjuangan bangsa',0,'2018-02-15 17:25:36',1,'2018-02-15 17:38:03',1,1,0),
	(15,'pkn02','Sumber hukum',0,'2018-02-15 17:26:59',1,'2018-02-15 17:37:51',1,1,0),
	(16,'pkn02','Semua benar',0,'2018-02-15 17:26:59',1,'2018-02-15 17:37:51',1,1,0),
	(17,'pkn02','Semua salah',0,'2018-02-15 17:26:59',1,'2018-02-15 17:37:51',1,1,0),
	(18,'pkn03','Kitab Sutasoma',0,'2018-02-15 17:28:01',1,'2018-02-15 17:37:58',1,1,0),
	(19,'pkn03','Pembukaan UUD 1945',0,'2018-02-15 17:28:01',1,'2018-02-15 17:37:58',1,1,0),
	(20,'pkn03','Piagam Jakarta',0,'2018-02-15 17:28:01',1,'2018-02-15 17:37:58',1,1,0),
	(21,'pkn05','TAP MPR RI',0,'2018-02-15 17:29:23',1,'2018-02-15 17:38:08',1,1,0),
	(22,'pkn05','INPRES No.12 Tahun 1968',0,'2018-02-15 17:29:23',1,'2018-02-15 17:38:08',1,1,0),
	(23,'pkn05','UU No.5 Tahun 1985',0,'2018-02-15 17:29:23',1,'2018-02-15 17:38:08',1,1,0),
	(24,'pkn05','TAP MPR No.I/MPR/1983',100,'2018-02-15 17:29:23',1,'2018-02-15 17:38:08',1,1,0),
	(25,'pkn05','UUD 1945',0,'2018-02-15 17:29:23',1,'2018-02-15 17:38:08',1,1,0),
	(26,'pkn06','Sila kedua',100,'2018-02-15 17:31:48',1,'2018-02-15 17:38:13',1,1,0),
	(27,'pkn06','Sila ketiga',0,'2018-02-15 17:31:48',1,'2018-02-15 17:38:13',1,1,0),
	(28,'pkn06','Sila keempat',0,'2018-02-15 17:31:48',1,'2018-02-15 17:38:13',1,1,0),
	(29,'pkn06','Sila kelima',0,'2018-02-15 17:31:48',1,'2018-02-15 17:38:13',1,1,0),
	(30,'pkn06','Sila pertama',0,'2018-02-15 17:31:48',1,'2018-02-15 17:38:13',1,1,0),
	(31,'pkn07','1 Kali',0,'2018-02-15 17:32:52',1,'2018-02-15 17:38:20',1,1,0),
	(32,'pkn07','2 Kali',0,'2018-02-15 17:32:52',1,'2018-02-15 17:38:20',1,1,0),
	(33,'pkn07','3 Kali',0,'2018-02-15 17:32:52',1,'2018-02-15 17:38:20',1,1,0),
	(34,'pkn07','4 Kali',100,'2018-02-15 17:32:52',1,'2018-02-15 17:38:20',1,1,0),
	(35,'pkn07','5 Kali',0,'2018-02-15 17:32:52',1,'2018-02-15 17:38:20',1,1,0),
	(36,'pkn08','Pasal 5, 7, 9, 13, 14, 15, 17, 20 dan 21.',100,'2018-02-15 17:36:52',1,'2018-02-15 17:38:25',1,1,0),
	(37,'pkn08','Pasal 5, 7, 9, 13, 14, 15, 17, 20 dan 22.',0,'2018-02-15 17:36:52',1,'2018-02-15 17:38:25',1,1,0),
	(38,'pkn08','Pasal 5, 7, 9, 13, 14, 15, 17, 20 dan 23.',0,'2018-02-15 17:36:52',1,'2018-02-15 17:38:25',1,1,0),
	(39,'pkn08','Pasal 5, 7, 9, 13, 14, 15, 17, 20 dan 24.',0,'2018-02-15 17:36:52',1,'2018-02-15 17:38:25',1,1,0),
	(40,'pkn08','Pasal 5, 7, 9, 13, 14, 15, 17, 21 dan 24.',0,'2018-02-15 17:36:52',1,'2018-02-15 17:38:25',1,1,0),
	(41,'pkn09','Pasal 18, 19, 20, 22, 25, 26, 27, 28, 30, dan 35.',0,'2018-02-15 17:36:52',1,'2018-02-19 12:01:41',1,1,0),
	(42,'pkn09','Pasal 18, 19, 20, 22, 25, 26, 27, 28, 30, dan 36.',100,'2018-02-15 17:36:52',1,'2018-02-19 12:02:00',1,1,0),
	(43,'pkn09','Pasal 18, 19, 20, 22, 25, 26, 27, 28, 30, dan 37.',0,'2018-02-15 17:36:52',1,'2018-02-19 12:01:47',1,1,0),
	(44,'pkn09','Pasal 18, 19, 20, 22, 25, 26, 27, 28, 30, dan 38.',0,'2018-02-15 17:36:52',1,'2018-02-19 12:01:56',1,1,0),
	(45,'pkn09','Pasal 18, 19, 20, 22, 25, 26, 27, 28, 35, dan 36.',0,'2018-02-15 17:36:52',1,'2018-02-19 12:01:24',1,1,0),
	(46,'pkn10','Pasal 1, 3, 6, 11, 17, 23, dan 24.',100,'2018-02-15 17:36:52',1,NULL,1,1,0),
	(47,'pkn10','Pasal 1, 3, 6, 11, 17, 23, dan 25.',0,'2018-02-15 17:36:52',1,NULL,1,1,0),
	(48,'pkn10','Pasal 1, 3, 6, 11, 17, 23, dan 26.',0,'2018-02-15 17:36:52',1,NULL,1,1,0),
	(49,'pkn10','Pasal 1, 3, 6, 11, 17, 23, dan 27.',0,'2018-02-15 17:36:52',1,NULL,1,1,0),
	(50,'pkn10','Pasal 1, 3, 6, 11, 17, 24, dan 25.',0,'2018-02-15 17:36:52',1,NULL,1,1,0),
	(51,'pkn11','19 Oktober 1999',100,'2018-02-15 17:36:52',1,NULL,1,1,0),
	(52,'pkn11','19 Oktober 2000',0,'2018-02-15 17:36:52',1,NULL,1,1,0),
	(53,'pkn11','19 Oktober 2001',0,'2018-02-15 17:36:52',1,NULL,1,1,0),
	(54,'pkn11','19 Oktober 1998',0,'2018-02-15 17:36:52',1,NULL,1,1,0),
	(55,'pkn11','19 Oktober 2003',0,'2018-02-15 17:36:52',1,NULL,1,1,0);

/*!40000 ALTER TABLE `tbl_question_bank_answer` ENABLE KEYS */;
UNLOCK TABLES;


# Dump of table tbl_quiestion_bank
# ------------------------------------------------------------

DROP TABLE IF EXISTS `tbl_quiestion_bank`;

CREATE TABLE `tbl_quiestion_bank` (
  `qid` varchar(8) NOT NULL,
  `type` tinyint(4) DEFAULT NULL,
  `category` int(11) DEFAULT NULL,
  `question` text,
  `correct_describe` longtext,
  `created_at` datetime DEFAULT CURRENT_TIMESTAMP,
  `created_by` int(11) DEFAULT NULL,
  `updated_at` datetime DEFAULT NULL ON UPDATE CURRENT_TIMESTAMP,
  `updated_by` int(11) DEFAULT NULL,
  `status` tinyint(4) DEFAULT '0',
  `is_deleted` tinyint(4) DEFAULT '0',
  PRIMARY KEY (`qid`)
) ENGINE=InnoDB DEFAULT CHARSET=latin1;

LOCK TABLES `tbl_quiestion_bank` WRITE;
/*!40000 ALTER TABLE `tbl_quiestion_bank` DISABLE KEYS */;

INSERT INTO `tbl_quiestion_bank` (`qid`, `type`, `category`, `question`, `correct_describe`, `created_at`, `created_by`, `updated_at`, `updated_by`, `status`, `is_deleted`)
VALUES
	('pkn01',1,3,'Dalam sumber tata hukum di Indonesia, Pancasila dijadikan sebagai?','Dalam sumber tata hukum di Indonesia, Pancasila dijadikan sebagai sumber dari segala sumber hukum','2018-02-15 15:33:52',1,'2018-02-19 11:20:45',1,1,0),
	('pkn02',1,3,'Pancasila bagi bangsa Indonesia merupakan','Pancasila bagi bangsa Indonesia merupakan pandangan hidup.','2018-02-15 15:36:55',1,'2018-02-19 11:20:45',1,1,0),
	('pkn03',1,3,'Rumusan Pancasila yang resmi terdapat dalam','Rumusan Pancasila yang resmi terdapat dalam Pembukaan UUD 1945','2018-02-15 15:36:55',1,'2018-02-19 11:20:45',1,1,0),
	('pkn04',1,3,'Dalam kehidupan bernegara, Pancasila berperan sebagai','4. Dalam kehidupan bernegara, Pancasila berperan sebagai dasar negara','2018-02-15 15:39:58',1,'2018-02-19 11:20:45',1,1,0),
	('pkn05',1,3,'Tata cara mengucapkan Pancasila pada upacara-upacara resmi ditetapkan pada','Tata cara mengucapkan Pancasila pada upacara-upacara resmi ditetapkan pada TAP MPR No.I/MPR/1983','2018-02-15 15:39:58',1,'2018-02-19 11:20:45',1,1,0),
	('pkn06',1,3,'Hubungan sosial yang selaras, serasi, seimbang antara individu dan masyarakat dijiwai oleh nilai-nilai Pancasila, yaitu','Hubungan sosial yang selaras, serasi, seimbang antara individu dan masyarakat dijiwai oleh nilai-nilai Pancasila, yaitu pada sila kedua','2018-02-15 15:42:44',1,'2018-02-19 11:20:45',1,1,0),
	('pkn07',1,3,'Berapa kali UUD 1945 di-amandemen...','UUD 1945 telah di-amandemen sebanyak 4 kali','2018-02-15 15:42:44',1,'2018-02-19 11:20:45',1,1,0),
	('pkn08',1,3,'Pasal berapa saja UUD 1945 pertama kali di-amandemen','Pasal yang pertama kali di amandemen adalah Pasal 5, 7, 9, 13, 14, 15, 17, 20 dan 21','2018-02-15 15:45:42',1,'2018-02-19 11:20:45',1,1,0),
	('pkn09',1,3,'Pasal berapa saja UUD 1945 kedua kali diamandemen','Untuk kedua kalinya UUD 1945 di amandemen adalah Pasal 18, 19, 20, 22, 25, 26, 27, 28, 30, dan 36.','2018-02-15 15:45:42',1,'2018-02-19 11:20:45',1,1,0),
	('pkn10',1,3,'Pasal berapa saja UUD 1945 ketiga kali diamandemen','UUD 1945 untuk ketiga kalinya di-amandemen yaitu Pasal 1, 3, 6, 11, 17, 23, dan 24.','2018-02-15 15:50:31',1,'2018-02-19 11:20:45',1,1,0),
	('pkn11',1,3,'Kapan amandemen UUD 1945 pertamakali dilakukan..','Untuk pertamakalinya UUD 1945 di amandemen pada 19 Oktober 1999','2018-02-15 15:50:31',1,'2018-02-19 11:20:45',1,1,0);

/*!40000 ALTER TABLE `tbl_quiestion_bank` ENABLE KEYS */;
UNLOCK TABLES;


# Dump of table tbl_user
# ------------------------------------------------------------

DROP TABLE IF EXISTS `tbl_user`;

CREATE TABLE `tbl_user` (
  `uid` int(11) NOT NULL AUTO_INCREMENT,
  `social_id` int(11) DEFAULT NULL,
  `username` varchar(64) NOT NULL,
  `fullname` varchar(64) NOT NULL,
  `email` varchar(120) NOT NULL,
  `picture` text NOT NULL,
  `role` enum('user','author','admin') NOT NULL,
  `password` varchar(128) NOT NULL,
  `phone` varchar(15) NOT NULL,
  `birth_date` date DEFAULT NULL,
  `created_at` datetime NOT NULL DEFAULT CURRENT_TIMESTAMP,
  `updated_at` datetime DEFAULT NULL ON UPDATE CURRENT_TIMESTAMP,
  `status` tinyint(4) NOT NULL,
  `is_deleted` tinyint(4) NOT NULL,
  PRIMARY KEY (`uid`)
) ENGINE=InnoDB DEFAULT CHARSET=latin1;

LOCK TABLES `tbl_user` WRITE;
/*!40000 ALTER TABLE `tbl_user` DISABLE KEYS */;

INSERT INTO `tbl_user` (`uid`, `social_id`, `username`, `fullname`, `email`, `picture`, `role`, `password`, `phone`, `birth_date`, `created_at`, `updated_at`, `status`, `is_deleted`)
VALUES
	(1,2147483647,'rizamasta','Riza Masta','rizamasta@gmail.com','https://lh4.googleusercontent.com/-SiJZnnIpAZA/AAAAAAAAAAI/AAAAAAAAAdo/Cm-8u4n0Be8/s96-c/photo.jpg','user','78852df01bcb2af3b3630e464ad50500cbb4cf50d6a352d8bd2bad3d94919093','',NULL,'2018-02-14 16:30:08','2018-02-15 17:15:14',1,0),
	(2,2147483647,'ositumorang','orison saritua','ositumorang@gmail.com','https://lh4.googleusercontent.com/-2g-AhgucKbk/AAAAAAAAAAI/AAAAAAAAAAA/ACSILjU_C6DafMoF_9NTXhAUgqwPwDkBVA/s96-c/photo.jpg','user','862043271bd207ab014d51c8314b8e1e150375e7ff9f4b5488a3547e14dca498','',NULL,'2018-02-20 11:31:49',NULL,1,0),
	(3,2147483647,'democracycentennial','Democracy Centennial','democracycentennial@gmail.com','https://lh6.googleusercontent.com/-aw6K9P-w0HM/AAAAAAAAAAI/AAAAAAAAAAA/ACSILjXMUiC2fWueoxyH5CE56nl3gO11jA/s96-c/photo.jpg','user','cf3792b741567b47348435f3464c31137a4f6fd0e5f1e03432ae8ce18ba11ab0','',NULL,'2018-02-20 12:39:32',NULL,1,0);

/*!40000 ALTER TABLE `tbl_user` ENABLE KEYS */;
UNLOCK TABLES;



/*!40111 SET SQL_NOTES=@OLD_SQL_NOTES */;
/*!40101 SET SQL_MODE=@OLD_SQL_MODE */;
/*!40014 SET FOREIGN_KEY_CHECKS=@OLD_FOREIGN_KEY_CHECKS */;
/*!40101 SET CHARACTER_SET_CLIENT=@OLD_CHARACTER_SET_CLIENT */;
/*!40101 SET CHARACTER_SET_RESULTS=@OLD_CHARACTER_SET_RESULTS */;
/*!40101 SET COLLATION_CONNECTION=@OLD_COLLATION_CONNECTION */;
